model,factors,seed,factor,factor_label,effective_rank,profile_rms_variability,latent_tau,span_alignment,unique_direction_fraction,max_cosine_to_other_archetype,diagnostic_label,pairwise_cosine_mean,pairwise_cosine_max,pairwise_cosine_min,difference_span_rank,difference_condition_number,difference_min_relative_singular_value
lowrank_v2,4,11,0,factor_1,0,0.0,0.0,,,0.8612378785622078,static_or_no_active_family,0.8633664464842034,0.9631684202129169,0.7879248625041232,3.0,4.426525731401191,0.22591080695773022
lowrank_v2,4,11,1,factor_2,0,0.0,0.0,,,0.9631684202129169,moderate_geometric_confounding,0.8633664464842034,0.9631684202129169,0.7879248625041232,3.0,4.426525731401191,0.22591080695773022
lowrank_v2,4,11,2,factor_3,0,0.0,0.0,,,0.9631684202129169,moderate_geometric_confounding,0.8633664464842034,0.9631684202129169,0.7879248625041232,3.0,4.426525731401191,0.22591080695773022
lowrank_v2,4,11,3,factor_4,0,0.0,0.0,,,0.8844213303543437,static_or_no_active_family,0.8633664464842034,0.9631684202129169,0.7879248625041232,3.0,4.426525731401191,0.22591080695773022
lowrank_v2,4,17,0,factor_1,0,0.0,0.0,,,0.9377767824725861,moderate_geometric_confounding,0.8416164469432518,0.9377767824725861,0.764345524803374,3.0,2.783318558610385,0.3592833443036666
lowrank_v2,4,17,1,factor_2,0,0.0,0.0,,,0.8342225538040847,static_or_no_active_family,0.8416164469432518,0.9377767824725861,0.764345524803374,3.0,2.783318558610385,0.3592833443036666
lowrank_v2,4,17,2,factor_3,0,0.0,0.0,,,0.9044890159688492,moderate_geometric_confounding,0.8416164469432518,0.9377767824725861,0.764345524803374,3.0,2.783318558610385,0.3592833443036666
lowrank_v2,4,17,3,factor_4,0,0.0,0.0,,,0.9377767824725861,moderate_geometric_confounding,0.8416164469432518,0.9377767824725861,0.764345524803374,3.0,2.783318558610385,0.3592833443036666
lowrank_v2,4,23,0,factor_1,0,0.0,0.0,,,0.9906223976952729,high_geometric_confounding,0.7124437270859483,0.9906223976952729,0.6192177822028141,3.0,6.595000946224268,0.1516300009892363
lowrank_v2,4,23,1,factor_2,0,0.0,0.0,,,0.9906223976952729,high_geometric_confounding,0.7124437270859483,0.9906223976952729,0.6192177822028141,3.0,6.595000946224268,0.1516300009892363
lowrank_v2,4,23,2,factor_3,0,0.0,0.0,,,0.7131109854047495,static_or_no_active_family,0.7124437270859483,0.9906223976952729,0.6192177822028141,3.0,6.595000946224268,0.1516300009892363
lowrank_v2,4,23,3,factor_4,0,0.0,0.0,,,0.7131109854047495,static_or_no_active_family,0.7124437270859483,0.9906223976952729,0.6192177822028141,3.0,6.595000946224268,0.1516300009892363
lowrank_v2,4,31,0,factor_1,0,0.0,0.0,,,0.9411128653287902,moderate_geometric_confounding,0.6540167780034254,0.9736986952562943,0.3058264264358236,3.0,6.279107290655746,0.1592583075444737
lowrank_v2,4,31,1,factor_2,0,0.0,0.0,,,0.9736986952562943,high_geometric_confounding,0.6540167780034254,0.9736986952562943,0.3058264264358236,3.0,6.279107290655746,0.1592583075444737
lowrank_v2,4,31,2,factor_3,0,0.0,0.0,,,0.9736986952562943,high_geometric_confounding,0.6540167780034254,0.9736986952562943,0.3058264264358236,3.0,6.279107290655746,0.1592583075444737
lowrank_v2,4,31,3,factor_4,0,0.0,0.0,,,0.45725333569679094,static_or_no_active_family,0.6540167780034254,0.9736986952562943,0.3058264264358236,3.0,6.279107290655746,0.1592583075444737
lowrank_v2,4,41,0,factor_1,0,0.0,0.0,,,0.9763712750652684,high_geometric_confounding,0.818821346669819,0.9763712750652684,0.6866620640400517,3.0,3.8065769895734918,0.2627032115044769
lowrank_v2,4,41,1,factor_2,0,0.0,0.0,,,0.7878082288781494,static_or_no_active_family,0.818821346669819,0.9763712750652684,0.6866620640400517,3.0,3.8065769895734918,0.2627032115044769
lowrank_v2,4,41,2,factor_3,0,0.0,0.0,,,0.9763712750652684,high_geometric_confounding,0.818821346669819,0.9763712750652684,0.6866620640400517,3.0,3.8065769895734918,0.2627032115044769
lowrank_v2,4,41,3,factor_4,0,0.0,0.0,,,0.8933203094488812,static_or_no_active_family,0.818821346669819,0.9763712750652684,0.6866620640400517,3.0,3.8065769895734918,0.2627032115044769
lowrank_v2,4,53,0,factor_1,0,0.0,0.0,,,0.9052291414656239,moderate_geometric_confounding,0.6854223339492392,0.9828660628830985,0.38708788831510144,3.0,6.433150823082665,0.15544482439490137
lowrank_v2,4,53,1,factor_2,0,0.0,0.0,,,0.9828660628830985,high_geometric_confounding,0.6854223339492392,0.9828660628830985,0.38708788831510144,3.0,6.433150823082665,0.15544482439490137
lowrank_v2,4,53,2,factor_3,0,0.0,0.0,,,0.9828660628830985,high_geometric_confounding,0.6854223339492392,0.9828660628830985,0.38708788831510144,3.0,6.433150823082665,0.15544482439490137
lowrank_v2,4,53,3,factor_4,0,0.0,0.0,,,0.5529258582420588,static_or_no_active_family,0.6854223339492392,0.9828660628830985,0.38708788831510144,3.0,6.433150823082665,0.15544482439490137
lowrank_v2,4,67,0,factor_1,0,0.0,0.0,,,0.9383696655706877,moderate_geometric_confounding,0.8085279029418645,0.9383696655706877,0.6518855450896223,3.0,2.47085919441053,0.404717517801968
lowrank_v2,4,67,1,factor_2,0,0.0,0.0,,,0.934679470724298,moderate_geometric_confounding,0.8085279029418645,0.9383696655706877,0.6518855450896223,3.0,2.47085919441053,0.404717517801968
lowrank_v2,4,67,2,factor_3,0,0.0,0.0,,,0.9383696655706877,moderate_geometric_confounding,0.8085279029418645,0.9383696655706877,0.6518855450896223,3.0,2.47085919441053,0.404717517801968
lowrank_v2,4,67,3,factor_4,0,0.0,0.0,,,0.7578301196353238,static_or_no_active_family,0.8085279029418645,0.9383696655706877,0.6518855450896223,3.0,2.47085919441053,0.404717517801968
lowrank_v2,4,79,0,factor_1,0,0.0,0.0,,,0.9326746410937845,moderate_geometric_confounding,0.8250423198582175,0.9326746410937845,0.710523610643173,3.0,2.0750916827446186,0.48190641807081536
lowrank_v2,4,79,1,factor_2,0,0.0,0.0,,,0.7979630439364536,static_or_no_active_family,0.8250423198582175,0.9326746410937845,0.710523610643173,3.0,2.0750916827446186,0.48190641807081536
lowrank_v2,4,79,2,factor_3,0,0.0,0.0,,,0.892994132244963,static_or_no_active_family,0.8250423198582175,0.9326746410937845,0.710523610643173,3.0,2.0750916827446186,0.48190641807081536
lowrank_v2,4,79,3,factor_4,0,0.0,0.0,,,0.9326746410937845,moderate_geometric_confounding,0.8250423198582175,0.9326746410937845,0.710523610643173,3.0,2.0750916827446186,0.48190641807081536
lowrank_v2,4,97,0,factor_1,0,0.0,0.0,,,0.9875167284822246,high_geometric_confounding,0.8260261828702028,0.9875167284822246,0.7384118990318714,3.0,7.308733035850137,0.1368226196106617
lowrank_v2,4,97,1,factor_2,0,0.0,0.0,,,0.9875167284822246,high_geometric_confounding,0.8260261828702028,0.9875167284822246,0.7384118990318714,3.0,7.308733035850137,0.1368226196106617
lowrank_v2,4,97,2,factor_3,0,0.0,0.0,,,0.8026355183511448,static_or_no_active_family,0.8260261828702028,0.9875167284822246,0.7384118990318714,3.0,7.308733035850137,0.1368226196106617
lowrank_v2,4,97,3,factor_4,0,0.0,0.0,,,0.8223802205394182,static_or_no_active_family,0.8260261828702028,0.9875167284822246,0.7384118990318714,3.0,7.308733035850137,0.1368226196106617
lowrank_v2,4,113,0,factor_1,0,0.0,0.0,,,0.6481525182576904,static_or_no_active_family,0.7536167089042999,0.9732486599201783,0.527515848245832,3.0,8.266890204311611,0.12096447095407754
lowrank_v2,4,113,1,factor_2,0,0.0,0.0,,,0.9732486599201783,high_geometric_confounding,0.7536167089042999,0.9732486599201783,0.527515848245832,3.0,8.266890204311611,0.12096447095407754
lowrank_v2,4,113,2,factor_3,0,0.0,0.0,,,0.9732486599201783,high_geometric_confounding,0.7536167089042999,0.9732486599201783,0.527515848245832,3.0,8.266890204311611,0.12096447095407754
lowrank_v2,4,113,3,factor_4,0,0.0,0.0,,,0.9167214403986594,moderate_geometric_confounding,0.7536167089042999,0.9732486599201783,0.527515848245832,3.0,8.266890204311611,0.12096447095407754
lowrank_v2,5,11,0,factor_1,0,0.0,0.0,,,0.6681418987904839,static_or_no_active_family,0.7216450443206959,0.9905339990962977,0.5141422714156284,4.0,17.820458245345403,0.05611527976623126
lowrank_v2,5,11,1,factor_2,0,0.0,0.0,,,0.8178461997579769,static_or_no_active_family,0.7216450443206959,0.9905339990962977,0.5141422714156284,4.0,17.820458245345403,0.05611527976623126
lowrank_v2,5,11,2,factor_3,0,0.0,0.0,,,0.9905339990962977,high_geometric_confounding,0.7216450443206959,0.9905339990962977,0.5141422714156284,4.0,17.820458245345403,0.05611527976623126
lowrank_v2,5,11,3,factor_4,0,0.0,0.0,,,0.8393358211281664,static_or_no_active_family,0.7216450443206959,0.9905339990962977,0.5141422714156284,4.0,17.820458245345403,0.05611527976623126
lowrank_v2,5,11,4,factor_5,0,0.0,0.0,,,0.9905339990962977,high_geometric_confounding,0.7216450443206959,0.9905339990962977,0.5141422714156284,4.0,17.820458245345403,0.05611527976623126
lowrank_v2,5,17,0,factor_1,0,0.0,0.0,,,0.9923506103669579,high_geometric_confounding,0.7534481982153383,0.9923506103669579,0.6505467464414857,4.0,8.634696592268135,0.11581182839654626
lowrank_v2,5,17,1,factor_2,0,0.0,0.0,,,0.8713181236142629,static_or_no_active_family,0.7534481982153383,0.9923506103669579,0.6505467464414857,4.0,8.634696592268135,0.11581182839654626
lowrank_v2,5,17,2,factor_3,0,0.0,0.0,,,0.719293101317285,static_or_no_active_family,0.7534481982153383,0.9923506103669579,0.6505467464414857,4.0,8.634696592268135,0.11581182839654626
lowrank_v2,5,17,3,factor_4,0,0.0,0.0,,,0.7400646010568169,static_or_no_active_family,0.7534481982153383,0.9923506103669579,0.6505467464414857,4.0,8.634696592268135,0.11581182839654626
lowrank_v2,5,17,4,factor_5,0,0.0,0.0,,,0.9923506103669579,high_geometric_confounding,0.7534481982153383,0.9923506103669579,0.6505467464414857,4.0,8.634696592268135,0.11581182839654626
lowrank_v2,5,23,0,factor_1,0,0.0,0.0,,,0.9911904706905832,high_geometric_confounding,0.6404296254716533,0.9911904706905832,0.41657193747176663,4.0,11.937448394486422,0.08376999564344692
lowrank_v2,5,23,1,factor_2,0,0.0,0.0,,,0.9911904706905832,high_geometric_confounding,0.6404296254716533,0.9911904706905832,0.41657193747176663,4.0,11.937448394486422,0.08376999564344692
lowrank_v2,5,23,2,factor_3,0,0.0,0.0,,,0.6104954287532747,static_or_no_active_family,0.6404296254716533,0.9911904706905832,0.41657193747176663,4.0,11.937448394486422,0.08376999564344692
lowrank_v2,5,23,3,factor_4,0,0.0,0.0,,,0.6104954287532747,static_or_no_active_family,0.6404296254716533,0.9911904706905832,0.41657193747176663,4.0,11.937448394486422,0.08376999564344692
lowrank_v2,5,23,4,factor_5,0,0.0,0.0,,,0.9729120090389465,high_geometric_confounding,0.6404296254716533,0.9911904706905832,0.41657193747176663,4.0,11.937448394486422,0.08376999564344692
lowrank_v2,5,31,0,factor_1,0,0.0,0.0,,,0.9896857918499935,high_geometric_confounding,0.7033959882611142,0.9944020929764553,0.4351238685910766,4.0,13.626722388542065,0.07338521850572394
lowrank_v2,5,31,1,factor_2,0,0.0,0.0,,,0.9944020929764553,high_geometric_confounding,0.7033959882611142,0.9944020929764553,0.4351238685910766,4.0,13.626722388542065,0.07338521850572394
lowrank_v2,5,31,2,factor_3,0,0.0,0.0,,,0.9944020929764553,high_geometric_confounding,0.7033959882611142,0.9944020929764553,0.4351238685910766,4.0,13.626722388542065,0.07338521850572394
lowrank_v2,5,31,3,factor_4,0,0.0,0.0,,,0.6451966120456177,static_or_no_active_family,0.7033959882611142,0.9944020929764553,0.4351238685910766,4.0,13.626722388542065,0.07338521850572394
lowrank_v2,5,31,4,factor_5,0,0.0,0.0,,,0.6954540544006254,static_or_no_active_family,0.7033959882611142,0.9944020929764553,0.4351238685910766,4.0,13.626722388542065,0.07338521850572394
lowrank_v2,5,41,0,factor_1,0,0.0,0.0,,,0.9958352674287988,high_geometric_confounding,0.4793648806377351,0.9958352674287988,0.06914725957561013,4.0,29.127573905225695,0.034331729901493545
lowrank_v2,5,41,1,factor_2,0,0.0,0.0,,,0.759120526725891,static_or_no_active_family,0.4793648806377351,0.9958352674287988,0.06914725957561013,4.0,29.127573905225695,0.034331729901493545
lowrank_v2,5,41,2,factor_3,0,0.0,0.0,,,0.5394992325179119,static_or_no_active_family,0.4793648806377351,0.9958352674287988,0.06914725957561013,4.0,29.127573905225695,0.034331729901493545
lowrank_v2,5,41,3,factor_4,0,0.0,0.0,,,0.9958352674287988,high_geometric_confounding,0.4793648806377351,0.9958352674287988,0.06914725957561013,4.0,29.127573905225695,0.034331729901493545
lowrank_v2,5,41,4,factor_5,0,0.0,0.0,,,0.4204430012176626,static_or_no_active_family,0.4793648806377351,0.9958352674287988,0.06914725957561013,4.0,29.127573905225695,0.034331729901493545
lowrank_v2,5,53,0,factor_1,0,0.0,0.0,,,0.8074251635785835,static_or_no_active_family,0.6717551377152416,0.9921228099343699,0.2841402122489605,4.0,15.193990589848102,0.06581549423020916
lowrank_v2,5,53,1,factor_2,0,0.0,0.0,,,0.976720960575089,high_geometric_confounding,0.6717551377152416,0.9921228099343699,0.2841402122489605,4.0,15.193990589848102,0.06581549423020916
lowrank_v2,5,53,2,factor_3,0,0.0,0.0,,,0.9921228099343699,high_geometric_confounding,0.6717551377152416,0.9921228099343699,0.2841402122489605,4.0,15.193990589848102,0.06581549423020916
lowrank_v2,5,53,3,factor_4,0,0.0,0.0,,,0.5017355386915229,static_or_no_active_family,0.6717551377152416,0.9921228099343699,0.2841402122489605,4.0,15.193990589848102,0.06581549423020916
lowrank_v2,5,53,4,factor_5,0,0.0,0.0,,,0.9921228099343699,high_geometric_confounding,0.6717551377152416,0.9921228099343699,0.2841402122489605,4.0,15.193990589848102,0.06581549423020916
lowrank_v2,5,67,0,factor_1,0,0.0,0.0,,,0.9905348896047338,high_geometric_confounding,0.6669914691213781,0.9905348896047338,0.4172096846026543,4.0,9.68611404608427,0.10324057668970583
lowrank_v2,5,67,1,factor_2,0,0.0,0.0,,,0.8980624352156101,static_or_no_active_family,0.6669914691213781,0.9905348896047338,0.4172096846026543,4.0,9.68611404608427,0.10324057668970583
lowrank_v2,5,67,2,factor_3,0,0.0,0.0,,,0.9905348896047338,high_geometric_confounding,0.6669914691213781,0.9905348896047338,0.4172096846026543,4.0,9.68611404608427,0.10324057668970583
lowrank_v2,5,67,3,factor_4,0,0.0,0.0,,,0.6069070586838449,static_or_no_active_family,0.6669914691213781,0.9905348896047338,0.4172096846026543,4.0,9.68611404608427,0.10324057668970583
lowrank_v2,5,67,4,factor_5,0,0.0,0.0,,,0.6993798705901807,static_or_no_active_family,0.6669914691213781,0.9905348896047338,0.4172096846026543,4.0,9.68611404608427,0.10324057668970583
lowrank_v2,5,79,0,factor_1,0,0.0,0.0,,,0.9964846441847163,high_geometric_confounding,0.6384897350420425,0.9964846441847163,0.43596004226406826,4.0,18.29411417503075,0.05466238979555943
lowrank_v2,5,79,1,factor_2,0,0.0,0.0,,,0.9792551314170819,high_geometric_confounding,0.6384897350420425,0.9964846441847163,0.43596004226406826,4.0,18.29411417503075,0.05466238979555943
lowrank_v2,5,79,2,factor_3,0,0.0,0.0,,,0.5970209730875051,static_or_no_active_family,0.6384897350420425,0.9964846441847163,0.43596004226406826,4.0,18.29411417503075,0.05466238979555943
lowrank_v2,5,79,3,factor_4,0,0.0,0.0,,,0.9964846441847163,high_geometric_confounding,0.6384897350420425,0.9964846441847163,0.43596004226406826,4.0,18.29411417503075,0.05466238979555943
lowrank_v2,5,79,4,factor_5,0,0.0,0.0,,,0.5970209730875051,static_or_no_active_family,0.6384897350420425,0.9964846441847163,0.43596004226406826,4.0,18.29411417503075,0.05466238979555943
lowrank_v2,5,97,0,factor_1,0,0.0,0.0,,,0.9907714303452073,high_geometric_confounding,0.7361828833378158,0.9907714303452073,0.4810862810722988,4.0,8.77183112629153,0.11400128269714765
lowrank_v2,5,97,1,factor_2,0,0.0,0.0,,,0.7887901522047787,static_or_no_active_family,0.7361828833378158,0.9907714303452073,0.4810862810722988,4.0,8.77183112629153,0.11400128269714765
lowrank_v2,5,97,2,factor_3,0,0.0,0.0,,,0.6336503019724964,static_or_no_active_family,0.7361828833378158,0.9907714303452073,0.4810862810722988,4.0,8.77183112629153,0.11400128269714765
lowrank_v2,5,97,3,factor_4,0,0.0,0.0,,,0.9907714303452073,high_geometric_confounding,0.7361828833378158,0.9907714303452073,0.4810862810722988,4.0,8.77183112629153,0.11400128269714765
lowrank_v2,5,97,4,factor_5,0,0.0,0.0,,,0.9624782871104073,moderate_geometric_confounding,0.7361828833378158,0.9907714303452073,0.4810862810722988,4.0,8.77183112629153,0.11400128269714765
lowrank_v2,5,113,0,factor_1,0,0.0,0.0,,,0.49598550756784404,static_or_no_active_family,0.7365634930353888,0.9787108715909691,0.34521464585680545,4.0,16.52689044170425,0.06050745017807962
lowrank_v2,5,113,1,factor_2,0,0.0,0.0,,,0.9787108715909691,high_geometric_confounding,0.7365634930353888,0.9787108715909691,0.34521464585680545,4.0,16.52689044170425,0.06050745017807962
lowrank_v2,5,113,2,factor_3,0,0.0,0.0,,,0.9607485750663929,moderate_geometric_confounding,0.7365634930353888,0.9787108715909691,0.34521464585680545,4.0,16.52689044170425,0.06050745017807962
lowrank_v2,5,113,3,factor_4,0,0.0,0.0,,,0.9558536657234599,moderate_geometric_confounding,0.7365634930353888,0.9787108715909691,0.34521464585680545,4.0,16.52689044170425,0.06050745017807962
lowrank_v2,5,113,4,factor_5,0,0.0,0.0,,,0.9787108715909691,high_geometric_confounding,0.7365634930353888,0.9787108715909691,0.34521464585680545,4.0,16.52689044170425,0.06050745017807962
lowrank_v2,6,11,0,factor_1,0,0.0,0.0,,,0.7004245201441173,static_or_no_active_family,0.7143334480366469,0.9865080245202502,0.417632270109475,5.0,20.463233041194737,0.04886813329970343
lowrank_v2,6,11,1,factor_2,0,0.0,0.0,,,0.6878537898279038,static_or_no_active_family,0.7143334480366469,0.9865080245202502,0.417632270109475,5.0,20.463233041194737,0.04886813329970343
lowrank_v2,6,11,2,factor_3,0,0.0,0.0,,,0.9865080245202502,high_geometric_confounding,0.7143334480366469,0.9865080245202502,0.417632270109475,5.0,20.463233041194737,0.04886813329970343
lowrank_v2,6,11,3,factor_4,0,0.0,0.0,,,0.8340827812523856,static_or_no_active_family,0.7143334480366469,0.9865080245202502,0.417632270109475,5.0,20.463233041194737,0.04886813329970343
lowrank_v2,6,11,4,factor_5,0,0.0,0.0,,,0.9865080245202502,high_geometric_confounding,0.7143334480366469,0.9865080245202502,0.417632270109475,5.0,20.463233041194737,0.04886813329970343
lowrank_v2,6,11,5,factor_6,0,0.0,0.0,,,0.9700880784402014,high_geometric_confounding,0.7143334480366469,0.9865080245202502,0.417632270109475,5.0,20.463233041194737,0.04886813329970343
lowrank_v2,6,17,0,factor_1,0,0.0,0.0,,,0.992362281808401,high_geometric_confounding,0.7256021734282753,0.992362281808401,0.59154210664156,5.0,16.54577058998819,0.0604384059697466
lowrank_v2,6,17,1,factor_2,0,0.0,0.0,,,0.7425818798006115,static_or_no_active_family,0.7256021734282753,0.992362281808401,0.59154210664156,5.0,16.54577058998819,0.0604384059697466
lowrank_v2,6,17,2,factor_3,0,0.0,0.0,,,0.7301807313820204,static_or_no_active_family,0.7256021734282753,0.992362281808401,0.59154210664156,5.0,16.54577058998819,0.0604384059697466
lowrank_v2,6,17,3,factor_4,0,0.0,0.0,,,0.8688537977648728,static_or_no_active_family,0.7256021734282753,0.992362281808401,0.59154210664156,5.0,16.54577058998819,0.0604384059697466
lowrank_v2,6,17,4,factor_5,0,0.0,0.0,,,0.992362281808401,high_geometric_confounding,0.7256021734282753,0.992362281808401,0.59154210664156,5.0,16.54577058998819,0.0604384059697466
lowrank_v2,6,17,5,factor_6,0,0.0,0.0,,,0.7425818798006115,static_or_no_active_family,0.7256021734282753,0.992362281808401,0.59154210664156,5.0,16.54577058998819,0.0604384059697466
lowrank_v2,6,23,0,factor_1,0,0.0,0.0,,,0.9914638980558049,high_geometric_confounding,0.6605825252168551,0.9914638980558049,0.3143228030732352,5.0,11.284632099872676,0.0886160923235843
lowrank_v2,6,23,1,factor_2,0,0.0,0.0,,,0.9914638980558049,high_geometric_confounding,0.6605825252168551,0.9914638980558049,0.3143228030732352,5.0,11.284632099872676,0.0886160923235843
lowrank_v2,6,23,2,factor_3,0,0.0,0.0,,,0.5807381681958752,static_or_no_active_family,0.6605825252168551,0.9914638980558049,0.3143228030732352,5.0,11.284632099872676,0.0886160923235843
lowrank_v2,6,23,3,factor_4,0,0.0,0.0,,,0.5807381681958752,static_or_no_active_family,0.6605825252168551,0.9914638980558049,0.3143228030732352,5.0,11.284632099872676,0.0886160923235843
lowrank_v2,6,23,4,factor_5,0,0.0,0.0,,,0.9883826989671688,high_geometric_confounding,0.6605825252168551,0.9914638980558049,0.3143228030732352,5.0,11.284632099872676,0.0886160923235843
lowrank_v2,6,23,5,factor_6,0,0.0,0.0,,,0.9514895854129535,moderate_geometric_confounding,0.6605825252168551,0.9914638980558049,0.3143228030732352,5.0,11.284632099872676,0.0886160923235843
lowrank_v2,6,31,0,factor_1,0,0.0,0.0,,,0.8950412865091447,static_or_no_active_family,0.6784184754674135,0.9967006858138951,0.34646179585089715,5.0,35.94855113264946,0.027817532793185995
lowrank_v2,6,31,1,factor_2,0,0.0,0.0,,,0.9967006858138951,high_geometric_confounding,0.6784184754674135,0.9967006858138951,0.34646179585089715,5.0,35.94855113264946,0.027817532793185995
lowrank_v2,6,31,2,factor_3,0,0.0,0.0,,,0.9832938840520823,high_geometric_confounding,0.6784184754674135,0.9967006858138951,0.34646179585089715,5.0,35.94855113264946,0.027817532793185995
lowrank_v2,6,31,3,factor_4,0,0.0,0.0,,,0.7922462013633148,static_or_no_active_family,0.6784184754674135,0.9967006858138951,0.34646179585089715,5.0,35.94855113264946,0.027817532793185995
lowrank_v2,6,31,4,factor_5,0,0.0,0.0,,,0.5466313424853964,static_or_no_active_family,0.6784184754674135,0.9967006858138951,0.34646179585089715,5.0,35.94855113264946,0.027817532793185995
lowrank_v2,6,31,5,factor_6,0,0.0,0.0,,,0.9967006858138951,high_geometric_confounding,0.6784184754674135,0.9967006858138951,0.34646179585089715,5.0,35.94855113264946,0.027817532793185995
lowrank_v2,6,41,0,factor_1,0,0.0,0.0,,,0.9675993760020821,moderate_geometric_confounding,0.5210638797393379,0.9943872242948159,0.07823518010688758,5.0,69.25484120132863,0.014439423766678354
lowrank_v2,6,41,1,factor_2,0,0.0,0.0,,,0.9943872242948159,high_geometric_confounding,0.5210638797393379,0.9943872242948159,0.07823518010688758,5.0,69.25484120132863,0.014439423766678354
lowrank_v2,6,41,2,factor_3,0,0.0,0.0,,,0.8733396788313003,static_or_no_active_family,0.5210638797393379,0.9943872242948159,0.07823518010688758,5.0,69.25484120132863,0.014439423766678354
lowrank_v2,6,41,3,factor_4,0,0.0,0.0,,,0.9943872242948159,high_geometric_confounding,0.5210638797393379,0.9943872242948159,0.07823518010688758,5.0,69.25484120132863,0.014439423766678354
lowrank_v2,6,41,4,factor_5,0,0.0,0.0,,,0.49411683105112053,static_or_no_active_family,0.5210638797393379,0.9943872242948159,0.07823518010688758,5.0,69.25484120132863,0.014439423766678354
lowrank_v2,6,41,5,factor_6,0,0.0,0.0,,,0.49411683105112053,static_or_no_active_family,0.5210638797393379,0.9943872242948159,0.07823518010688758,5.0,69.25484120132863,0.014439423766678354
lowrank_v2,6,53,0,factor_1,0,0.0,0.0,,,0.6298116980376901,static_or_no_active_family,0.6567543513700185,0.9975563381195676,0.26411776502692513,5.0,35.88598148941262,0.027866034548756267
lowrank_v2,6,53,1,factor_2,0,0.0,0.0,,,0.9496224226597807,moderate_geometric_confounding,0.6567543513700185,0.9975563381195676,0.26411776502692513,5.0,35.88598148941262,0.027866034548756267
lowrank_v2,6,53,2,factor_3,0,0.0,0.0,,,0.9975563381195676,high_geometric_confounding,0.6567543513700185,0.9975563381195676,0.26411776502692513,5.0,35.88598148941262,0.027866034548756267
lowrank_v2,6,53,3,factor_4,0,0.0,0.0,,,0.5117918878245183,static_or_no_active_family,0.6567543513700185,0.9975563381195676,0.26411776502692513,5.0,35.88598148941262,0.027866034548756267
lowrank_v2,6,53,4,factor_5,0,0.0,0.0,,,0.9975563381195676,high_geometric_confounding,0.6567543513700185,0.9975563381195676,0.26411776502692513,5.0,35.88598148941262,0.027866034548756267
lowrank_v2,6,53,5,factor_6,0,0.0,0.0,,,0.994192343216763,high_geometric_confounding,0.6567543513700185,0.9975563381195676,0.26411776502692513,5.0,35.88598148941262,0.027866034548756267
lowrank_v2,6,67,0,factor_1,0,0.0,0.0,,,0.9660194837656932,moderate_geometric_confounding,0.6787360245346811,0.9946180941629006,0.33888728956086916,5.0,16.67918330996267,0.059954973898673346
lowrank_v2,6,67,1,factor_2,0,0.0,0.0,,,0.9695471457820746,moderate_geometric_confounding,0.6787360245346811,0.9946180941629006,0.33888728956086916,5.0,16.67918330996267,0.059954973898673346
lowrank_v2,6,67,2,factor_3,0,0.0,0.0,,,0.9946180941629006,high_geometric_confounding,0.6787360245346811,0.9946180941629006,0.33888728956086916,5.0,16.67918330996267,0.059954973898673346
lowrank_v2,6,67,3,factor_4,0,0.0,0.0,,,0.5767670405222155,static_or_no_active_family,0.6787360245346811,0.9946180941629006,0.33888728956086916,5.0,16.67918330996267,0.059954973898673346
lowrank_v2,6,67,4,factor_5,0,0.0,0.0,,,0.7003899770505553,static_or_no_active_family,0.6787360245346811,0.9946180941629006,0.33888728956086916,5.0,16.67918330996267,0.059954973898673346
lowrank_v2,6,67,5,factor_6,0,0.0,0.0,,,0.9946180941629006,high_geometric_confounding,0.6787360245346811,0.9946180941629006,0.33888728956086916,5.0,16.67918330996267,0.059954973898673346
lowrank_v2,6,79,0,factor_1,0,0.0,0.0,,,0.986402025325891,high_geometric_confounding,0.6507268974402691,0.9935496339410673,0.40925054890477697,5.0,24.09364894516184,0.04150471363951729
lowrank_v2,6,79,1,factor_2,0,0.0,0.0,,,0.9935496339410673,high_geometric_confounding,0.6507268974402691,0.9935496339410673,0.40925054890477697,5.0,24.09364894516184,0.04150471363951729
lowrank_v2,6,79,2,factor_3,0,0.0,0.0,,,0.5962116702623452,static_or_no_active_family,0.6507268974402691,0.9935496339410673,0.40925054890477697,5.0,24.09364894516184,0.04150471363951729
lowrank_v2,6,79,3,factor_4,0,0.0,0.0,,,0.9935496339410673,high_geometric_confounding,0.6507268974402691,0.9935496339410673,0.40925054890477697,5.0,24.09364894516184,0.04150471363951729
lowrank_v2,6,79,4,factor_5,0,0.0,0.0,,,0.8024474107565882,static_or_no_active_family,0.6507268974402691,0.9935496339410673,0.40925054890477697,5.0,24.09364894516184,0.04150471363951729
lowrank_v2,6,79,5,factor_6,0,0.0,0.0,,,0.574490508546178,static_or_no_active_family,0.6507268974402691,0.9935496339410673,0.40925054890477697,5.0,24.09364894516184,0.04150471363951729
lowrank_v2,6,97,0,factor_1,0,0.0,0.0,,,0.9919161872190903,high_geometric_confounding,0.5904197711772003,0.9919161872190903,0.20174372400151466,5.0,35.294806416917204,0.028332780414987303
lowrank_v2,6,97,1,factor_2,0,0.0,0.0,,,0.8221150715037928,static_or_no_active_family,0.5904197711772003,0.9919161872190903,0.20174372400151466,5.0,35.294806416917204,0.028332780414987303
lowrank_v2,6,97,2,factor_3,0,0.0,0.0,,,0.5845088645476461,static_or_no_active_family,0.5904197711772003,0.9919161872190903,0.20174372400151466,5.0,35.294806416917204,0.028332780414987303
lowrank_v2,6,97,3,factor_4,0,0.0,0.0,,,0.991436671971893,high_geometric_confounding,0.5904197711772003,0.9919161872190903,0.20174372400151466,5.0,35.294806416917204,0.028332780414987303
lowrank_v2,6,97,4,factor_5,0,0.0,0.0,,,0.5845088645476461,static_or_no_active_family,0.5904197711772003,0.9919161872190903,0.20174372400151466,5.0,35.294806416917204,0.028332780414987303
lowrank_v2,6,97,5,factor_6,0,0.0,0.0,,,0.9919161872190903,high_geometric_confounding,0.5904197711772003,0.9919161872190903,0.20174372400151466,5.0,35.294806416917204,0.028332780414987303
lowrank_v2,6,113,0,factor_1,0,0.0,0.0,,,0.6329612548256657,static_or_no_active_family,0.6766957364378616,0.9963311078337758,0.4241165893335509,5.0,40.24733516614796,0.024846365501512757
lowrank_v2,6,113,1,factor_2,0,0.0,0.0,,,0.9963311078337758,high_geometric_confounding,0.6766957364378616,0.9963311078337758,0.4241165893335509,5.0,40.24733516614796,0.024846365501512757
lowrank_v2,6,113,2,factor_3,0,0.0,0.0,,,0.9243519228656977,moderate_geometric_confounding,0.6766957364378616,0.9963311078337758,0.4241165893335509,5.0,40.24733516614796,0.024846365501512757
lowrank_v2,6,113,3,factor_4,0,0.0,0.0,,,0.6599363727024024,static_or_no_active_family,0.6766957364378616,0.9963311078337758,0.4241165893335509,5.0,40.24733516614796,0.024846365501512757
lowrank_v2,6,113,4,factor_5,0,0.0,0.0,,,0.9963311078337758,high_geometric_confounding,0.6766957364378616,0.9963311078337758,0.4241165893335509,5.0,40.24733516614796,0.024846365501512757
lowrank_v2,6,113,5,factor_6,0,0.0,0.0,,,0.8975060232202093,static_or_no_active_family,0.6766957364378616,0.9963311078337758,0.4241165893335509,5.0,40.24733516614796,0.024846365501512757
lowrank_v2,7,11,0,factor_1,0,0.0,0.0,,,0.5699715543301387,static_or_no_active_family,0.7153214424383252,0.9771484268398535,0.3886933623914574,6.0,23.438968660392394,0.042663993219540355
lowrank_v2,7,11,1,factor_2,0,0.0,0.0,,,0.7677818934066551,static_or_no_active_family,0.7153214424383252,0.9771484268398535,0.3886933623914574,6.0,23.438968660392394,0.042663993219540355
lowrank_v2,7,11,2,factor_3,0,0.0,0.0,,,0.9771484268398535,high_geometric_confounding,0.7153214424383252,0.9771484268398535,0.3886933623914574,6.0,23.438968660392394,0.042663993219540355
lowrank_v2,7,11,3,factor_4,0,0.0,0.0,,,0.8381740068496505,static_or_no_active_family,0.7153214424383252,0.9771484268398535,0.3886933623914574,6.0,23.438968660392394,0.042663993219540355
lowrank_v2,7,11,4,factor_5,0,0.0,0.0,,,0.9723249093920803,high_geometric_confounding,0.7153214424383252,0.9771484268398535,0.3886933623914574,6.0,23.438968660392394,0.042663993219540355
lowrank_v2,7,11,5,factor_6,0,0.0,0.0,,,0.9493884908595429,moderate_geometric_confounding,0.7153214424383252,0.9771484268398535,0.3886933623914574,6.0,23.438968660392394,0.042663993219540355
lowrank_v2,7,11,6,factor_7,0,0.0,0.0,,,0.9771484268398535,high_geometric_confounding,0.7153214424383252,0.9771484268398535,0.3886933623914574,6.0,23.438968660392394,0.042663993219540355
lowrank_v2,7,17,0,factor_1,0,0.0,0.0,,,0.9902139304128463,high_geometric_confounding,0.70030378886571,0.9902139304128463,0.3897244124130592,6.0,19.086369918773446,0.05239340976077359
lowrank_v2,7,17,1,factor_2,0,0.0,0.0,,,0.5714799139515959,static_or_no_active_family,0.70030378886571,0.9902139304128463,0.3897244124130592,6.0,19.086369918773446,0.05239340976077359
lowrank_v2,7,17,2,factor_3,0,0.0,0.0,,,0.8002159710999467,static_or_no_active_family,0.70030378886571,0.9902139304128463,0.3897244124130592,6.0,19.086369918773446,0.05239340976077359
lowrank_v2,7,17,3,factor_4,0,0.0,0.0,,,0.9176397702165798,moderate_geometric_confounding,0.70030378886571,0.9902139304128463,0.3897244124130592,6.0,19.086369918773446,0.05239340976077359
lowrank_v2,7,17,4,factor_5,0,0.0,0.0,,,0.9902139304128463,high_geometric_confounding,0.70030378886571,0.9902139304128463,0.3897244124130592,6.0,19.086369918773446,0.05239340976077359
lowrank_v2,7,17,5,factor_6,0,0.0,0.0,,,0.7467558418475019,static_or_no_active_family,0.70030378886571,0.9902139304128463,0.3897244124130592,6.0,19.086369918773446,0.05239340976077359
lowrank_v2,7,17,6,factor_7,0,0.0,0.0,,,0.9783727599678599,high_geometric_confounding,0.70030378886571,0.9902139304128463,0.3897244124130592,6.0,19.086369918773446,0.05239340976077359
lowrank_v2,7,23,0,factor_1,0,0.0,0.0,,,0.992581566212011,high_geometric_confounding,0.6554390688670003,0.992581566212011,0.35198863451402496,6.0,21.30258468719213,0.04694266046510476
lowrank_v2,7,23,1,factor_2,0,0.0,0.0,,,0.992581566212011,high_geometric_confounding,0.6554390688670003,0.992581566212011,0.35198863451402496,6.0,21.30258468719213,0.04694266046510476
lowrank_v2,7,23,2,factor_3,0,0.0,0.0,,,0.899376516521495,static_or_no_active_family,0.6554390688670003,0.992581566212011,0.35198863451402496,6.0,21.30258468719213,0.04694266046510476
lowrank_v2,7,23,3,factor_4,0,0.0,0.0,,,0.6420772294541613,static_or_no_active_family,0.6554390688670003,0.992581566212011,0.35198863451402496,6.0,21.30258468719213,0.04694266046510476
lowrank_v2,7,23,4,factor_5,0,0.0,0.0,,,0.9556495203368603,moderate_geometric_confounding,0.6554390688670003,0.992581566212011,0.35198863451402496,6.0,21.30258468719213,0.04694266046510476
lowrank_v2,7,23,5,factor_6,0,0.0,0.0,,,0.7713933451148124,static_or_no_active_family,0.6554390688670003,0.992581566212011,0.35198863451402496,6.0,21.30258468719213,0.04694266046510476
lowrank_v2,7,23,6,factor_7,0,0.0,0.0,,,0.7301844417346263,static_or_no_active_family,0.6554390688670003,0.992581566212011,0.35198863451402496,6.0,21.30258468719213,0.04694266046510476
lowrank_v2,7,31,0,factor_1,0,0.0,0.0,,,0.9517675347702864,moderate_geometric_confounding,0.7295675964451128,0.9906560125830304,0.4031291699537769,6.0,17.1403660736614,0.058341811120162804
lowrank_v2,7,31,1,factor_2,0,0.0,0.0,,,0.9906560125830304,high_geometric_confounding,0.7295675964451128,0.9906560125830304,0.4031291699537769,6.0,17.1403660736614,0.058341811120162804
lowrank_v2,7,31,2,factor_3,0,0.0,0.0,,,0.9906560125830304,high_geometric_confounding,0.7295675964451128,0.9906560125830304,0.4031291699537769,6.0,17.1403660736614,0.058341811120162804
lowrank_v2,7,31,3,factor_4,0,0.0,0.0,,,0.8573841985835429,static_or_no_active_family,0.7295675964451128,0.9906560125830304,0.4031291699537769,6.0,17.1403660736614,0.058341811120162804
lowrank_v2,7,31,4,factor_5,0,0.0,0.0,,,0.651173730170942,static_or_no_active_family,0.7295675964451128,0.9906560125830304,0.4031291699537769,6.0,17.1403660736614,0.058341811120162804
lowrank_v2,7,31,5,factor_6,0,0.0,0.0,,,0.9879989843511414,high_geometric_confounding,0.7295675964451128,0.9906560125830304,0.4031291699537769,6.0,17.1403660736614,0.058341811120162804
lowrank_v2,7,31,6,factor_7,0,0.0,0.0,,,0.8573841985835429,static_or_no_active_family,0.7295675964451128,0.9906560125830304,0.4031291699537769,6.0,17.1403660736614,0.058341811120162804
lowrank_v2,7,41,0,factor_1,0,0.0,0.0,,,0.9273505336820311,moderate_geometric_confounding,0.5184091393773747,0.9917093963166584,0.03277450858261727,6.0,68.1066153133767,0.014682861501760633
lowrank_v2,7,41,1,factor_2,0,0.0,0.0,,,0.9917093963166584,high_geometric_confounding,0.5184091393773747,0.9917093963166584,0.03277450858261727,6.0,68.1066153133767,0.014682861501760633
lowrank_v2,7,41,2,factor_3,0,0.0,0.0,,,0.8585295966568697,static_or_no_active_family,0.5184091393773747,0.9917093963166584,0.03277450858261727,6.0,68.1066153133767,0.014682861501760633
lowrank_v2,7,41,3,factor_4,0,0.0,0.0,,,0.9917093963166584,high_geometric_confounding,0.5184091393773747,0.9917093963166584,0.03277450858261727,6.0,68.1066153133767,0.014682861501760633
lowrank_v2,7,41,4,factor_5,0,0.0,0.0,,,0.8677074275300231,static_or_no_active_family,0.5184091393773747,0.9917093963166584,0.03277450858261727,6.0,68.1066153133767,0.014682861501760633
lowrank_v2,7,41,5,factor_6,0,0.0,0.0,,,0.8677074275300231,static_or_no_active_family,0.5184091393773747,0.9917093963166584,0.03277450858261727,6.0,68.1066153133767,0.014682861501760633
lowrank_v2,7,41,6,factor_7,0,0.0,0.0,,,0.7739223412570202,static_or_no_active_family,0.5184091393773747,0.9917093963166584,0.03277450858261727,6.0,68.1066153133767,0.014682861501760633
lowrank_v2,7,53,0,factor_1,0,0.0,0.0,,,0.982397243000015,high_geometric_confounding,0.7627872721836979,0.9928414291283125,0.41406170060385655,6.0,17.95178158205888,0.05570477756923057
lowrank_v2,7,53,1,factor_2,0,0.0,0.0,,,0.8671505204382078,static_or_no_active_family,0.7627872721836979,0.9928414291283125,0.41406170060385655,6.0,17.95178158205888,0.05570477756923057
lowrank_v2,7,53,2,factor_3,0,0.0,0.0,,,0.9928414291283125,high_geometric_confounding,0.7627872721836979,0.9928414291283125,0.41406170060385655,6.0,17.95178158205888,0.05570477756923057
lowrank_v2,7,53,3,factor_4,0,0.0,0.0,,,0.5874151843737205,static_or_no_active_family,0.7627872721836979,0.9928414291283125,0.41406170060385655,6.0,17.95178158205888,0.05570477756923057
lowrank_v2,7,53,4,factor_5,0,0.0,0.0,,,0.982397243000015,high_geometric_confounding,0.7627872721836979,0.9928414291283125,0.41406170060385655,6.0,17.95178158205888,0.05570477756923057
lowrank_v2,7,53,5,factor_6,0,0.0,0.0,,,0.9928414291283125,high_geometric_confounding,0.7627872721836979,0.9928414291283125,0.41406170060385655,6.0,17.95178158205888,0.05570477756923057
lowrank_v2,7,53,6,factor_7,0,0.0,0.0,,,0.9922537222526827,high_geometric_confounding,0.7627872721836979,0.9928414291283125,0.41406170060385655,6.0,17.95178158205888,0.05570477756923057
lowrank_v2,7,67,0,factor_1,0,0.0,0.0,,,0.9662170227261823,moderate_geometric_confounding,0.6208685810437868,0.994614044151701,0.18973979367031005,6.0,20.94155525739859,0.04775194524517003
lowrank_v2,7,67,1,factor_2,0,0.0,0.0,,,0.6807494133269166,static_or_no_active_family,0.6208685810437868,0.994614044151701,0.18973979367031005,6.0,20.94155525739859,0.04775194524517003
lowrank_v2,7,67,2,factor_3,0,0.0,0.0,,,0.994614044151701,high_geometric_confounding,0.6208685810437868,0.994614044151701,0.18973979367031005,6.0,20.94155525739859,0.04775194524517003
lowrank_v2,7,67,3,factor_4,0,0.0,0.0,,,0.5536074118938741,static_or_no_active_family,0.6208685810437868,0.994614044151701,0.18973979367031005,6.0,20.94155525739859,0.04775194524517003
lowrank_v2,7,67,4,factor_5,0,0.0,0.0,,,0.6883823531572973,static_or_no_active_family,0.6208685810437868,0.994614044151701,0.18973979367031005,6.0,20.94155525739859,0.04775194524517003
lowrank_v2,7,67,5,factor_6,0,0.0,0.0,,,0.994614044151701,high_geometric_confounding,0.6208685810437868,0.994614044151701,0.18973979367031005,6.0,20.94155525739859,0.04775194524517003
lowrank_v2,7,67,6,factor_7,0,0.0,0.0,,,0.9893668475893312,high_geometric_confounding,0.6208685810437868,0.994614044151701,0.18973979367031005,6.0,20.94155525739859,0.04775194524517003
lowrank_v2,7,79,0,factor_1,0,0.0,0.0,,,0.9864155113681379,high_geometric_confounding,0.6978215701707233,0.9910870870503605,0.39129238155968754,6.0,22.828626023608457,0.0438046511851322
lowrank_v2,7,79,1,factor_2,0,0.0,0.0,,,0.9910870870503605,high_geometric_confounding,0.6978215701707233,0.9910870870503605,0.39129238155968754,6.0,22.828626023608457,0.0438046511851322
lowrank_v2,7,79,2,factor_3,0,0.0,0.0,,,0.7279590075206935,static_or_no_active_family,0.6978215701707233,0.9910870870503605,0.39129238155968754,6.0,22.828626023608457,0.0438046511851322
lowrank_v2,7,79,3,factor_4,0,0.0,0.0,,,0.9910870870503605,high_geometric_confounding,0.6978215701707233,0.9910870870503605,0.39129238155968754,6.0,22.828626023608457,0.0438046511851322
lowrank_v2,7,79,4,factor_5,0,0.0,0.0,,,0.853226916739669,static_or_no_active_family,0.6978215701707233,0.9910870870503605,0.39129238155968754,6.0,22.828626023608457,0.0438046511851322
lowrank_v2,7,79,5,factor_6,0,0.0,0.0,,,0.7988294208660133,static_or_no_active_family,0.6978215701707233,0.9910870870503605,0.39129238155968754,6.0,22.828626023608457,0.0438046511851322
lowrank_v2,7,79,6,factor_7,0,0.0,0.0,,,0.7988294208660133,static_or_no_active_family,0.6978215701707233,0.9910870870503605,0.39129238155968754,6.0,22.828626023608457,0.0438046511851322
lowrank_v2,7,97,0,factor_1,0,0.0,0.0,,,0.9881911367258044,high_geometric_confounding,0.6802596976995344,0.9881911367258044,0.35023891493103865,6.0,27.268948902453317,0.03667174717944602
lowrank_v2,7,97,1,factor_2,0,0.0,0.0,,,0.9637532973568986,moderate_geometric_confounding,0.6802596976995344,0.9881911367258044,0.35023891493103865,6.0,27.268948902453317,0.03667174717944602
lowrank_v2,7,97,2,factor_3,0,0.0,0.0,,,0.5744785642319494,static_or_no_active_family,0.6802596976995344,0.9881911367258044,0.35023891493103865,6.0,27.268948902453317,0.03667174717944602
lowrank_v2,7,97,3,factor_4,0,0.0,0.0,,,0.9881911367258044,high_geometric_confounding,0.6802596976995344,0.9881911367258044,0.35023891493103865,6.0,27.268948902453317,0.03667174717944602
lowrank_v2,7,97,4,factor_5,0,0.0,0.0,,,0.9027598017796425,moderate_geometric_confounding,0.6802596976995344,0.9881911367258044,0.35023891493103865,6.0,27.268948902453317,0.03667174717944602
lowrank_v2,7,97,5,factor_6,0,0.0,0.0,,,0.9751811039238723,high_geometric_confounding,0.6802596976995344,0.9881911367258044,0.35023891493103865,6.0,27.268948902453317,0.03667174717944602
lowrank_v2,7,97,6,factor_7,0,0.0,0.0,,,0.5744785642319494,static_or_no_active_family,0.6802596976995344,0.9881911367258044,0.35023891493103865,6.0,27.268948902453317,0.03667174717944602
lowrank_v2,7,113,0,factor_1,0,0.0,0.0,,,0.5053734805353183,static_or_no_active_family,0.6793551295876126,0.9906687647452309,0.29765513267102806,6.0,41.49309024878067,0.024100398259186934
lowrank_v2,7,113,1,factor_2,0,0.0,0.0,,,0.6993086081427753,static_or_no_active_family,0.6793551295876126,0.9906687647452309,0.29765513267102806,6.0,41.49309024878067,0.024100398259186934
lowrank_v2,7,113,2,factor_3,0,0.0,0.0,,,0.9769644945631295,high_geometric_confounding,0.6793551295876126,0.9906687647452309,0.29765513267102806,6.0,41.49309024878067,0.024100398259186934
lowrank_v2,7,113,3,factor_4,0,0.0,0.0,,,0.9434174834810245,moderate_geometric_confounding,0.6793551295876126,0.9906687647452309,0.29765513267102806,6.0,41.49309024878067,0.024100398259186934
lowrank_v2,7,113,4,factor_5,0,0.0,0.0,,,0.9906687647452309,high_geometric_confounding,0.6793551295876126,0.9906687647452309,0.29765513267102806,6.0,41.49309024878067,0.024100398259186934
lowrank_v2,7,113,5,factor_6,0,0.0,0.0,,,0.9599504284913243,moderate_geometric_confounding,0.6793551295876126,0.9906687647452309,0.29765513267102806,6.0,41.49309024878067,0.024100398259186934
lowrank_v2,7,113,6,factor_7,0,0.0,0.0,,,0.9906687647452309,high_geometric_confounding,0.6793551295876126,0.9906687647452309,0.29765513267102806,6.0,41.49309024878067,0.024100398259186934
lowrank_v2,8,11,0,factor_1,0,0.0,0.0,,,0.45895574421615365,static_or_no_active_family,0.6194080516988247,0.9987664852521088,0.21346591882480134,7.0,198.14298720368944,0.005046860421923527
lowrank_v2,8,11,1,factor_2,0,0.0,0.0,,,0.6864062664265261,static_or_no_active_family,0.6194080516988247,0.9987664852521088,0.21346591882480134,7.0,198.14298720368944,0.005046860421923527
lowrank_v2,8,11,2,factor_3,0,0.0,0.0,,,0.9690319521496267,moderate_geometric_confounding,0.6194080516988247,0.9987664852521088,0.21346591882480134,7.0,198.14298720368944,0.005046860421923527
lowrank_v2,8,11,3,factor_4,0,0.0,0.0,,,0.8753906269742132,static_or_no_active_family,0.6194080516988247,0.9987664852521088,0.21346591882480134,7.0,198.14298720368944,0.005046860421923527
lowrank_v2,8,11,4,factor_5,0,0.0,0.0,,,0.9264330982871282,moderate_geometric_confounding,0.6194080516988247,0.9987664852521088,0.21346591882480134,7.0,198.14298720368944,0.005046860421923527
lowrank_v2,8,11,5,factor_6,0,0.0,0.0,,,0.8753906269742132,static_or_no_active_family,0.6194080516988247,0.9987664852521088,0.21346591882480134,7.0,198.14298720368944,0.005046860421923527
lowrank_v2,8,11,6,factor_7,0,0.0,0.0,,,0.9987664852521088,high_geometric_confounding,0.6194080516988247,0.9987664852521088,0.21346591882480134,7.0,198.14298720368944,0.005046860421923527
lowrank_v2,8,11,7,factor_8,0,0.0,0.0,,,0.9987664852521088,high_geometric_confounding,0.6194080516988247,0.9987664852521088,0.21346591882480134,7.0,198.14298720368944,0.005046860421923527
lowrank_v2,8,17,0,factor_1,0,0.0,0.0,,,0.9905325490577652,high_geometric_confounding,0.6198528797888673,0.9918636323997074,0.14271440598847498,7.0,44.66925699964447,0.02238676143657279
lowrank_v2,8,17,1,factor_2,0,0.0,0.0,,,0.7199667300439639,static_or_no_active_family,0.6198528797888673,0.9918636323997074,0.14271440598847498,7.0,44.66925699964447,0.02238676143657279
lowrank_v2,8,17,2,factor_3,0,0.0,0.0,,,0.8158842728453516,static_or_no_active_family,0.6198528797888673,0.9918636323997074,0.14271440598847498,7.0,44.66925699964447,0.02238676143657279
lowrank_v2,8,17,3,factor_4,0,0.0,0.0,,,0.5794561514754918,static_or_no_active_family,0.6198528797888673,0.9918636323997074,0.14271440598847498,7.0,44.66925699964447,0.02238676143657279
lowrank_v2,8,17,4,factor_5,0,0.0,0.0,,,0.9918636323997074,high_geometric_confounding,0.6198528797888673,0.9918636323997074,0.14271440598847498,7.0,44.66925699964447,0.02238676143657279
lowrank_v2,8,17,5,factor_6,0,0.0,0.0,,,0.7199667300439639,static_or_no_active_family,0.6198528797888673,0.9918636323997074,0.14271440598847498,7.0,44.66925699964447,0.02238676143657279
lowrank_v2,8,17,6,factor_7,0,0.0,0.0,,,0.9918636323997074,high_geometric_confounding,0.6198528797888673,0.9918636323997074,0.14271440598847498,7.0,44.66925699964447,0.02238676143657279
lowrank_v2,8,17,7,factor_8,0,0.0,0.0,,,0.9759989357348964,high_geometric_confounding,0.6198528797888673,0.9918636323997074,0.14271440598847498,7.0,44.66925699964447,0.02238676143657279
lowrank_v2,8,23,0,factor_1,0,0.0,0.0,,,0.9895930094501406,high_geometric_confounding,0.6607044633600683,0.9895930094501406,0.3298985526631885,7.0,41.93652464406295,0.023845562036614122
lowrank_v2,8,23,1,factor_2,0,0.0,0.0,,,0.9895930094501406,high_geometric_confounding,0.6607044633600683,0.9895930094501406,0.3298985526631885,7.0,41.93652464406295,0.023845562036614122
lowrank_v2,8,23,2,factor_3,0,0.0,0.0,,,0.8643267374496303,static_or_no_active_family,0.6607044633600683,0.9895930094501406,0.3298985526631885,7.0,41.93652464406295,0.023845562036614122
lowrank_v2,8,23,3,factor_4,0,0.0,0.0,,,0.5446460806107216,static_or_no_active_family,0.6607044633600683,0.9895930094501406,0.3298985526631885,7.0,41.93652464406295,0.023845562036614122
lowrank_v2,8,23,4,factor_5,0,0.0,0.0,,,0.9257557140677829,moderate_geometric_confounding,0.6607044633600683,0.9895930094501406,0.3298985526631885,7.0,41.93652464406295,0.023845562036614122
lowrank_v2,8,23,5,factor_6,0,0.0,0.0,,,0.974699775230848,high_geometric_confounding,0.6607044633600683,0.9895930094501406,0.3298985526631885,7.0,41.93652464406295,0.023845562036614122
lowrank_v2,8,23,6,factor_7,0,0.0,0.0,,,0.8643267374496303,static_or_no_active_family,0.6607044633600683,0.9895930094501406,0.3298985526631885,7.0,41.93652464406295,0.023845562036614122
lowrank_v2,8,23,7,factor_8,0,0.0,0.0,,,0.9362940706782648,moderate_geometric_confounding,0.6607044633600683,0.9895930094501406,0.3298985526631885,7.0,41.93652464406295,0.023845562036614122
lowrank_v2,8,31,0,factor_1,0,0.0,0.0,,,0.9023069103162439,moderate_geometric_confounding,0.7104342232974538,0.990808209577578,0.46022156455631424,7.0,31.6589395393286,0.03158665497174159
lowrank_v2,8,31,1,factor_2,0,0.0,0.0,,,0.990808209577578,high_geometric_confounding,0.7104342232974538,0.990808209577578,0.46022156455631424,7.0,31.6589395393286,0.03158665497174159
lowrank_v2,8,31,2,factor_3,0,0.0,0.0,,,0.9892564675367297,high_geometric_confounding,0.7104342232974538,0.990808209577578,0.46022156455631424,7.0,31.6589395393286,0.03158665497174159
lowrank_v2,8,31,3,factor_4,0,0.0,0.0,,,0.9069561064263421,moderate_geometric_confounding,0.7104342232974538,0.990808209577578,0.46022156455631424,7.0,31.6589395393286,0.03158665497174159
lowrank_v2,8,31,4,factor_5,0,0.0,0.0,,,0.5938636230381562,static_or_no_active_family,0.7104342232974538,0.990808209577578,0.46022156455631424,7.0,31.6589395393286,0.03158665497174159
lowrank_v2,8,31,5,factor_6,0,0.0,0.0,,,0.990808209577578,high_geometric_confounding,0.7104342232974538,0.990808209577578,0.46022156455631424,7.0,31.6589395393286,0.03158665497174159
lowrank_v2,8,31,6,factor_7,0,0.0,0.0,,,0.9069561064263421,moderate_geometric_confounding,0.7104342232974538,0.990808209577578,0.46022156455631424,7.0,31.6589395393286,0.03158665497174159
lowrank_v2,8,31,7,factor_8,0,0.0,0.0,,,0.8850856299900998,static_or_no_active_family,0.7104342232974538,0.990808209577578,0.46022156455631424,7.0,31.6589395393286,0.03158665497174159
lowrank_v2,8,41,0,factor_1,0,0.0,0.0,,,0.9153150366144878,moderate_geometric_confounding,0.5429820662286212,0.9919857229158189,0.03804574348654017,7.0,72.59195048326359,0.013775632054831682
lowrank_v2,8,41,1,factor_2,0,0.0,0.0,,,0.9919857229158189,high_geometric_confounding,0.5429820662286212,0.9919857229158189,0.03804574348654017,7.0,72.59195048326359,0.013775632054831682
lowrank_v2,8,41,2,factor_3,0,0.0,0.0,,,0.7723949684234996,static_or_no_active_family,0.5429820662286212,0.9919857229158189,0.03804574348654017,7.0,72.59195048326359,0.013775632054831682
lowrank_v2,8,41,3,factor_4,0,0.0,0.0,,,0.9919857229158189,high_geometric_confounding,0.5429820662286212,0.9919857229158189,0.03804574348654017,7.0,72.59195048326359,0.013775632054831682
lowrank_v2,8,41,4,factor_5,0,0.0,0.0,,,0.7640489087575612,static_or_no_active_family,0.5429820662286212,0.9919857229158189,0.03804574348654017,7.0,72.59195048326359,0.013775632054831682
lowrank_v2,8,41,5,factor_6,0,0.0,0.0,,,0.7640489087575612,static_or_no_active_family,0.5429820662286212,0.9919857229158189,0.03804574348654017,7.0,72.59195048326359,0.013775632054831682
lowrank_v2,8,41,6,factor_7,0,0.0,0.0,,,0.8329388484357523,static_or_no_active_family,0.5429820662286212,0.9919857229158189,0.03804574348654017,7.0,72.59195048326359,0.013775632054831682
lowrank_v2,8,41,7,factor_8,0,0.0,0.0,,,0.9909607350801408,high_geometric_confounding,0.5429820662286212,0.9919857229158189,0.03804574348654017,7.0,72.59195048326359,0.013775632054831682
lowrank_v2,8,53,0,factor_1,0,0.0,0.0,,,0.9451005527745227,moderate_geometric_confounding,0.7386336152689318,0.9903921322875094,0.33052282294971663,7.0,24.37881582386439,0.04101921960545358
lowrank_v2,8,53,1,factor_2,0,0.0,0.0,,,0.8143365919872377,static_or_no_active_family,0.7386336152689318,0.9903921322875094,0.33052282294971663,7.0,24.37881582386439,0.04101921960545358
lowrank_v2,8,53,2,factor_3,0,0.0,0.0,,,0.9903921322875094,high_geometric_confounding,0.7386336152689318,0.9903921322875094,0.33052282294971663,7.0,24.37881582386439,0.04101921960545358
lowrank_v2,8,53,3,factor_4,0,0.0,0.0,,,0.5257164498283412,static_or_no_active_family,0.7386336152689318,0.9903921322875094,0.33052282294971663,7.0,24.37881582386439,0.04101921960545358
lowrank_v2,8,53,4,factor_5,0,0.0,0.0,,,0.9451005527745227,moderate_geometric_confounding,0.7386336152689318,0.9903921322875094,0.33052282294971663,7.0,24.37881582386439,0.04101921960545358
lowrank_v2,8,53,5,factor_6,0,0.0,0.0,,,0.9903921322875094,high_geometric_confounding,0.7386336152689318,0.9903921322875094,0.33052282294971663,7.0,24.37881582386439,0.04101921960545358
lowrank_v2,8,53,6,factor_7,0,0.0,0.0,,,0.9844493127071591,high_geometric_confounding,0.7386336152689318,0.9903921322875094,0.33052282294971663,7.0,24.37881582386439,0.04101921960545358
lowrank_v2,8,53,7,factor_8,0,0.0,0.0,,,0.9814320922980556,high_geometric_confounding,0.7386336152689318,0.9903921322875094,0.33052282294971663,7.0,24.37881582386439,0.04101921960545358
lowrank_v2,8,67,0,factor_1,0,0.0,0.0,,,0.9376623358639661,moderate_geometric_confounding,0.6176146055803793,0.9912951834892673,0.03400030863484869,7.0,56.766107217361835,0.01761614542584226
lowrank_v2,8,67,1,factor_2,0,0.0,0.0,,,0.9376623358639661,moderate_geometric_confounding,0.6176146055803793,0.9912951834892673,0.03400030863484869,7.0,56.766107217361835,0.01761614542584226
lowrank_v2,8,67,2,factor_3,0,0.0,0.0,,,0.8646271699673195,static_or_no_active_family,0.6176146055803793,0.9912951834892673,0.03400030863484869,7.0,56.766107217361835,0.01761614542584226
lowrank_v2,8,67,3,factor_4,0,0.0,0.0,,,0.6094330024184671,static_or_no_active_family,0.6176146055803793,0.9912951834892673,0.03400030863484869,7.0,56.766107217361835,0.01761614542584226
lowrank_v2,8,67,4,factor_5,0,0.0,0.0,,,0.7200451650341021,static_or_no_active_family,0.6176146055803793,0.9912951834892673,0.03400030863484869,7.0,56.766107217361835,0.01761614542584226
lowrank_v2,8,67,5,factor_6,0,0.0,0.0,,,0.9912951834892673,high_geometric_confounding,0.6176146055803793,0.9912951834892673,0.03400030863484869,7.0,56.766107217361835,0.01761614542584226
lowrank_v2,8,67,6,factor_7,0,0.0,0.0,,,0.9881725251674597,high_geometric_confounding,0.6176146055803793,0.9912951834892673,0.03400030863484869,7.0,56.766107217361835,0.01761614542584226
lowrank_v2,8,67,7,factor_8,0,0.0,0.0,,,0.9912951834892673,high_geometric_confounding,0.6176146055803793,0.9912951834892673,0.03400030863484869,7.0,56.766107217361835,0.01761614542584226
lowrank_v2,8,79,0,factor_1,0,0.0,0.0,,,0.9738681834210156,high_geometric_confounding,0.7429607921532391,0.9930909194399176,0.4929731038778867,7.0,46.27667684738226,0.021609157530864644
lowrank_v2,8,79,1,factor_2,0,0.0,0.0,,,0.9930909194399176,high_geometric_confounding,0.7429607921532391,0.9930909194399176,0.4929731038778867,7.0,46.27667684738226,0.021609157530864644
lowrank_v2,8,79,2,factor_3,0,0.0,0.0,,,0.6626369362235068,static_or_no_active_family,0.7429607921532391,0.9930909194399176,0.4929731038778867,7.0,46.27667684738226,0.021609157530864644
lowrank_v2,8,79,3,factor_4,0,0.0,0.0,,,0.9930909194399176,high_geometric_confounding,0.7429607921532391,0.9930909194399176,0.4929731038778867,7.0,46.27667684738226,0.021609157530864644
lowrank_v2,8,79,4,factor_5,0,0.0,0.0,,,0.9567633366702616,moderate_geometric_confounding,0.7429607921532391,0.9930909194399176,0.4929731038778867,7.0,46.27667684738226,0.021609157530864644
lowrank_v2,8,79,5,factor_6,0,0.0,0.0,,,0.9400153446629004,moderate_geometric_confounding,0.7429607921532391,0.9930909194399176,0.4929731038778867,7.0,46.27667684738226,0.021609157530864644
lowrank_v2,8,79,6,factor_7,0,0.0,0.0,,,0.9400153446629004,moderate_geometric_confounding,0.7429607921532391,0.9930909194399176,0.4929731038778867,7.0,46.27667684738226,0.021609157530864644
lowrank_v2,8,79,7,factor_8,0,0.0,0.0,,,0.9329503800183007,moderate_geometric_confounding,0.7429607921532391,0.9930909194399176,0.4929731038778867,7.0,46.27667684738226,0.021609157530864644
lowrank_v2,8,97,0,factor_1,0,0.0,0.0,,,0.9914639562065631,high_geometric_confounding,0.6296538058754423,0.9914639562065631,0.26431893391178074,7.0,29.193936250147473,0.03425368855475762
lowrank_v2,8,97,1,factor_2,0,0.0,0.0,,,0.9641670270866969,moderate_geometric_confounding,0.6296538058754423,0.9914639562065631,0.26431893391178074,7.0,29.193936250147473,0.03425368855475762
lowrank_v2,8,97,2,factor_3,0,0.0,0.0,,,0.5234225786539345,static_or_no_active_family,0.6296538058754423,0.9914639562065631,0.26431893391178074,7.0,29.193936250147473,0.03425368855475762
lowrank_v2,8,97,3,factor_4,0,0.0,0.0,,,0.9914639562065631,high_geometric_confounding,0.6296538058754423,0.9914639562065631,0.26431893391178074,7.0,29.193936250147473,0.03425368855475762
lowrank_v2,8,97,4,factor_5,0,0.0,0.0,,,0.8965371205347049,static_or_no_active_family,0.6296538058754423,0.9914639562065631,0.26431893391178074,7.0,29.193936250147473,0.03425368855475762
lowrank_v2,8,97,5,factor_6,0,0.0,0.0,,,0.9718921916141459,high_geometric_confounding,0.6296538058754423,0.9914639562065631,0.26431893391178074,7.0,29.193936250147473,0.03425368855475762
lowrank_v2,8,97,6,factor_7,0,0.0,0.0,,,0.6288034041377832,static_or_no_active_family,0.6296538058754423,0.9914639562065631,0.26431893391178074,7.0,29.193936250147473,0.03425368855475762
lowrank_v2,8,97,7,factor_8,0,0.0,0.0,,,0.5923509967646446,static_or_no_active_family,0.6296538058754423,0.9914639562065631,0.26431893391178074,7.0,29.193936250147473,0.03425368855475762
lowrank_v2,8,113,0,factor_1,0,0.0,0.0,,,0.7797118539176844,static_or_no_active_family,0.6535540425555801,0.992250374696879,0.3085073277488687,7.0,51.64001795946823,0.019364826727691898
lowrank_v2,8,113,1,factor_2,0,0.0,0.0,,,0.7054783964858007,static_or_no_active_family,0.6535540425555801,0.992250374696879,0.3085073277488687,7.0,51.64001795946823,0.019364826727691898
lowrank_v2,8,113,2,factor_3,0,0.0,0.0,,,0.9687688807575826,moderate_geometric_confounding,0.6535540425555801,0.992250374696879,0.3085073277488687,7.0,51.64001795946823,0.019364826727691898
lowrank_v2,8,113,3,factor_4,0,0.0,0.0,,,0.9135146407223659,moderate_geometric_confounding,0.6535540425555801,0.992250374696879,0.3085073277488687,7.0,51.64001795946823,0.019364826727691898
lowrank_v2,8,113,4,factor_5,0,0.0,0.0,,,0.992250374696879,high_geometric_confounding,0.6535540425555801,0.992250374696879,0.3085073277488687,7.0,51.64001795946823,0.019364826727691898
lowrank_v2,8,113,5,factor_6,0,0.0,0.0,,,0.9635011836478586,moderate_geometric_confounding,0.6535540425555801,0.992250374696879,0.3085073277488687,7.0,51.64001795946823,0.019364826727691898
lowrank_v2,8,113,6,factor_7,0,0.0,0.0,,,0.992250374696879,high_geometric_confounding,0.6535540425555801,0.992250374696879,0.3085073277488687,7.0,51.64001795946823,0.019364826727691898
lowrank_v2,8,113,7,factor_8,0,0.0,0.0,,,0.7797118539176844,static_or_no_active_family,0.6535540425555801,0.992250374696879,0.3085073277488687,7.0,51.64001795946823,0.019364826727691898
static,4,11,0,factor_1,0,0.0,,,,,static_model_no_active_family,0.8273664946416758,0.9371373328126701,0.7438621719173062,3.0,3.5179019853610534,0.28426033589374344
static,4,11,1,factor_2,0,0.0,,,,,static_model_no_active_family,0.8273664946416758,0.9371373328126701,0.7438621719173062,3.0,3.5179019853610534,0.28426033589374344
static,4,11,2,factor_3,0,0.0,,,,,static_model_no_active_family,0.8273664946416758,0.9371373328126701,0.7438621719173062,3.0,3.5179019853610534,0.28426033589374344
static,4,11,3,factor_4,0,0.0,,,,,static_model_no_active_family,0.8273664946416758,0.9371373328126701,0.7438621719173062,3.0,3.5179019853610534,0.28426033589374344
static,4,17,0,factor_1,0,0.0,,,,,static_model_no_active_family,0.8175907118430069,0.9069954369811573,0.6990226438493381,3.0,2.7936946655266666,0.3579489241754629
static,4,17,1,factor_2,0,0.0,,,,,static_model_no_active_family,0.8175907118430069,0.9069954369811573,0.6990226438493381,3.0,2.7936946655266666,0.3579489241754629
static,4,17,2,factor_3,0,0.0,,,,,static_model_no_active_family,0.8175907118430069,0.9069954369811573,0.6990226438493381,3.0,2.7936946655266666,0.3579489241754629
static,4,17,3,factor_4,0,0.0,,,,,static_model_no_active_family,0.8175907118430069,0.9069954369811573,0.6990226438493381,3.0,2.7936946655266666,0.3579489241754629
static,4,23,0,factor_1,0,0.0,,,,,static_model_no_active_family,0.6418964746802254,0.9914436062254421,0.510172090988397,3.0,7.908766873921501,0.12644196193181728
static,4,23,1,factor_2,0,0.0,,,,,static_model_no_active_family,0.6418964746802254,0.9914436062254421,0.510172090988397,3.0,7.908766873921501,0.12644196193181728
static,4,23,2,factor_3,0,0.0,,,,,static_model_no_active_family,0.6418964746802254,0.9914436062254421,0.510172090988397,3.0,7.908766873921501,0.12644196193181728
static,4,23,3,factor_4,0,0.0,,,,,static_model_no_active_family,0.6418964746802254,0.9914436062254421,0.510172090988397,3.0,7.908766873921501,0.12644196193181728
static,4,31,0,factor_1,0,0.0,,,,,static_model_no_active_family,0.6917456347562828,0.9735966740004349,0.40184119530173934,3.0,5.2683474223503755,0.18981284259227318
static,4,31,1,factor_2,0,0.0,,,,,static_model_no_active_family,0.6917456347562828,0.9735966740004349,0.40184119530173934,3.0,5.2683474223503755,0.18981284259227318
static,4,31,2,factor_3,0,0.0,,,,,static_model_no_active_family,0.6917456347562828,0.9735966740004349,0.40184119530173934,3.0,5.2683474223503755,0.18981284259227318
static,4,31,3,factor_4,0,0.0,,,,,static_model_no_active_family,0.6917456347562828,0.9735966740004349,0.40184119530173934,3.0,5.2683474223503755,0.18981284259227318
static,4,41,0,factor_1,0,0.0,,,,,static_model_no_active_family,0.8090108056288207,0.9599749050854659,0.6867688459420577,3.0,3.1409037913095417,0.31837969783310954
static,4,41,1,factor_2,0,0.0,,,,,static_model_no_active_family,0.8090108056288207,0.9599749050854659,0.6867688459420577,3.0,3.1409037913095417,0.31837969783310954
static,4,41,2,factor_3,0,0.0,,,,,static_model_no_active_family,0.8090108056288207,0.9599749050854659,0.6867688459420577,3.0,3.1409037913095417,0.31837969783310954
static,4,41,3,factor_4,0,0.0,,,,,static_model_no_active_family,0.8090108056288207,0.9599749050854659,0.6867688459420577,3.0,3.1409037913095417,0.31837969783310954
static,4,53,0,factor_1,0,0.0,,,,,static_model_no_active_family,0.7389338940014222,0.971410486078843,0.5170673814432081,3.0,4.103022490163554,0.24372276837316045
static,4,53,1,factor_2,0,0.0,,,,,static_model_no_active_family,0.7389338940014222,0.971410486078843,0.5170673814432081,3.0,4.103022490163554,0.24372276837316045
static,4,53,2,factor_3,0,0.0,,,,,static_model_no_active_family,0.7389338940014222,0.971410486078843,0.5170673814432081,3.0,4.103022490163554,0.24372276837316045
static,4,53,3,factor_4,0,0.0,,,,,static_model_no_active_family,0.7389338940014222,0.971410486078843,0.5170673814432081,3.0,4.103022490163554,0.24372276837316045
static,4,67,0,factor_1,0,0.0,,,,,static_model_no_active_family,0.821799973136216,0.9208950678965575,0.6938667236664544,3.0,1.954196554851624,0.5117192523532654
static,4,67,1,factor_2,0,0.0,,,,,static_model_no_active_family,0.821799973136216,0.9208950678965575,0.6938667236664544,3.0,1.954196554851624,0.5117192523532654
static,4,67,2,factor_3,0,0.0,,,,,static_model_no_active_family,0.821799973136216,0.9208950678965575,0.6938667236664544,3.0,1.954196554851624,0.5117192523532654
static,4,67,3,factor_4,0,0.0,,,,,static_model_no_active_family,0.821799973136216,0.9208950678965575,0.6938667236664544,3.0,1.954196554851624,0.5117192523532654
static,4,79,0,factor_1,0,0.0,,,,,static_model_no_active_family,0.8291126912964971,0.9266846507099827,0.7273610872318926,3.0,2.0740344187930657,0.4821520756545235
static,4,79,1,factor_2,0,0.0,,,,,static_model_no_active_family,0.8291126912964971,0.9266846507099827,0.7273610872318926,3.0,2.0740344187930657,0.4821520756545235
static,4,79,2,factor_3,0,0.0,,,,,static_model_no_active_family,0.8291126912964971,0.9266846507099827,0.7273610872318926,3.0,2.0740344187930657,0.4821520756545235
static,4,79,3,factor_4,0,0.0,,,,,static_model_no_active_family,0.8291126912964971,0.9266846507099827,0.7273610872318926,3.0,2.0740344187930657,0.4821520756545235
static,4,97,0,factor_1,0,0.0,,,,,static_model_no_active_family,0.8386828952401625,0.9770683209446502,0.7818637469438934,3.0,4.145688679803575,0.24121444643725168
static,4,97,1,factor_2,0,0.0,,,,,static_model_no_active_family,0.8386828952401625,0.9770683209446502,0.7818637469438934,3.0,4.145688679803575,0.24121444643725168
static,4,97,2,factor_3,0,0.0,,,,,static_model_no_active_family,0.8386828952401625,0.9770683209446502,0.7818637469438934,3.0,4.145688679803575,0.24121444643725168
static,4,97,3,factor_4,0,0.0,,,,,static_model_no_active_family,0.8386828952401625,0.9770683209446502,0.7818637469438934,3.0,4.145688679803575,0.24121444643725168
static,4,113,0,factor_1,0,0.0,,,,,static_model_no_active_family,0.7547620541755328,0.9678887816999439,0.5454584111367282,3.0,7.176623049016093,0.13934130205390946
static,4,113,1,factor_2,0,0.0,,,,,static_model_no_active_family,0.7547620541755328,0.9678887816999439,0.5454584111367282,3.0,7.176623049016093,0.13934130205390946
static,4,113,2,factor_3,0,0.0,,,,,static_model_no_active_family,0.7547620541755328,0.9678887816999439,0.5454584111367282,3.0,7.176623049016093,0.13934130205390946
static,4,113,3,factor_4,0,0.0,,,,,static_model_no_active_family,0.7547620541755328,0.9678887816999439,0.5454584111367282,3.0,7.176623049016093,0.13934130205390946
static,5,11,0,factor_1,0,0.0,,,,,static_model_no_active_family,0.7042553296419618,0.990593931327842,0.4928928310629924,4.0,17.971146031085983,0.05564475400011931
static,5,11,1,factor_2,0,0.0,,,,,static_model_no_active_family,0.7042553296419618,0.990593931327842,0.4928928310629924,4.0,17.971146031085983,0.05564475400011931
static,5,11,2,factor_3,0,0.0,,,,,static_model_no_active_family,0.7042553296419618,0.990593931327842,0.4928928310629924,4.0,17.971146031085983,0.05564475400011931
static,5,11,3,factor_4,0,0.0,,,,,static_model_no_active_family,0.7042553296419618,0.990593931327842,0.4928928310629924,4.0,17.971146031085983,0.05564475400011931
static,5,11,4,factor_5,0,0.0,,,,,static_model_no_active_family,0.7042553296419618,0.990593931327842,0.4928928310629924,4.0,17.971146031085983,0.05564475400011931
static,5,17,0,factor_1,0,0.0,,,,,static_model_no_active_family,0.7355594561112102,0.9914141487647592,0.6534043177311628,4.0,7.977850513552412,0.1253470465887077
static,5,17,1,factor_2,0,0.0,,,,,static_model_no_active_family,0.7355594561112102,0.9914141487647592,0.6534043177311628,4.0,7.977850513552412,0.1253470465887077
static,5,17,2,factor_3,0,0.0,,,,,static_model_no_active_family,0.7355594561112102,0.9914141487647592,0.6534043177311628,4.0,7.977850513552412,0.1253470465887077
static,5,17,3,factor_4,0,0.0,,,,,static_model_no_active_family,0.7355594561112102,0.9914141487647592,0.6534043177311628,4.0,7.977850513552412,0.1253470465887077
static,5,17,4,factor_5,0,0.0,,,,,static_model_no_active_family,0.7355594561112102,0.9914141487647592,0.6534043177311628,4.0,7.977850513552412,0.1253470465887077
static,5,23,0,factor_1,0,0.0,,,,,static_model_no_active_family,0.603298292529461,0.9940609136542066,0.27298004100222734,4.0,14.02762196366037,0.07128792054637463
static,5,23,1,factor_2,0,0.0,,,,,static_model_no_active_family,0.603298292529461,0.9940609136542066,0.27298004100222734,4.0,14.02762196366037,0.07128792054637463
static,5,23,2,factor_3,0,0.0,,,,,static_model_no_active_family,0.603298292529461,0.9940609136542066,0.27298004100222734,4.0,14.02762196366037,0.07128792054637463
static,5,23,3,factor_4,0,0.0,,,,,static_model_no_active_family,0.603298292529461,0.9940609136542066,0.27298004100222734,4.0,14.02762196366037,0.07128792054637463
static,5,23,4,factor_5,0,0.0,,,,,static_model_no_active_family,0.603298292529461,0.9940609136542066,0.27298004100222734,4.0,14.02762196366037,0.07128792054637463
static,5,31,0,factor_1,0,0.0,,,,,static_model_no_active_family,0.7071221974214777,0.991702251847244,0.5500713652773755,4.0,14.377927068951587,0.06955105525326039
static,5,31,1,factor_2,0,0.0,,,,,static_model_no_active_family,0.7071221974214777,0.991702251847244,0.5500713652773755,4.0,14.377927068951587,0.06955105525326039
static,5,31,2,factor_3,0,0.0,,,,,static_model_no_active_family,0.7071221974214777,0.991702251847244,0.5500713652773755,4.0,14.377927068951587,0.06955105525326039
static,5,31,3,factor_4,0,0.0,,,,,static_model_no_active_family,0.7071221974214777,0.991702251847244,0.5500713652773755,4.0,14.377927068951587,0.06955105525326039
static,5,31,4,factor_5,0,0.0,,,,,static_model_no_active_family,0.7071221974214777,0.991702251847244,0.5500713652773755,4.0,14.377927068951587,0.06955105525326039
static,5,41,0,factor_1,0,0.0,,,,,static_model_no_active_family,0.40725143794339613,0.9970898113475268,0.04259489174859777,4.0,31.004271673948384,0.03225362009842853
static,5,41,1,factor_2,0,0.0,,,,,static_model_no_active_family,0.40725143794339613,0.9970898113475268,0.04259489174859777,4.0,31.004271673948384,0.03225362009842853
static,5,41,2,factor_3,0,0.0,,,,,static_model_no_active_family,0.40725143794339613,0.9970898113475268,0.04259489174859777,4.0,31.004271673948384,0.03225362009842853
static,5,41,3,factor_4,0,0.0,,,,,static_model_no_active_family,0.40725143794339613,0.9970898113475268,0.04259489174859777,4.0,31.004271673948384,0.03225362009842853
static,5,41,4,factor_5,0,0.0,,,,,static_model_no_active_family,0.40725143794339613,0.9970898113475268,0.04259489174859777,4.0,31.004271673948384,0.03225362009842853
static,5,53,0,factor_1,0,0.0,,,,,static_model_no_active_family,0.7034743427651029,0.9911021088262314,0.4334244803080534,4.0,13.709711218666712,0.07294099664465808
static,5,53,1,factor_2,0,0.0,,,,,static_model_no_active_family,0.7034743427651029,0.9911021088262314,0.4334244803080534,4.0,13.709711218666712,0.07294099664465808
static,5,53,2,factor_3,0,0.0,,,,,static_model_no_active_family,0.7034743427651029,0.9911021088262314,0.4334244803080534,4.0,13.709711218666712,0.07294099664465808
static,5,53,3,factor_4,0,0.0,,,,,static_model_no_active_family,0.7034743427651029,0.9911021088262314,0.4334244803080534,4.0,13.709711218666712,0.07294099664465808
static,5,53,4,factor_5,0,0.0,,,,,static_model_no_active_family,0.7034743427651029,0.9911021088262314,0.4334244803080534,4.0,13.709711218666712,0.07294099664465808
static,5,67,0,factor_1,0,0.0,,,,,static_model_no_active_family,0.6562915926627897,0.9909288244283893,0.4616021600085817,4.0,9.141400584384154,0.1093924274260834
static,5,67,1,factor_2,0,0.0,,,,,static_model_no_active_family,0.6562915926627897,0.9909288244283893,0.4616021600085817,4.0,9.141400584384154,0.1093924274260834
static,5,67,2,factor_3,0,0.0,,,,,static_model_no_active_family,0.6562915926627897,0.9909288244283893,0.4616021600085817,4.0,9.141400584384154,0.1093924274260834
static,5,67,3,factor_4,0,0.0,,,,,static_model_no_active_family,0.6562915926627897,0.9909288244283893,0.4616021600085817,4.0,9.141400584384154,0.1093924274260834
static,5,67,4,factor_5,0,0.0,,,,,static_model_no_active_family,0.6562915926627897,0.9909288244283893,0.4616021600085817,4.0,9.141400584384154,0.1093924274260834
static,5,79,0,factor_1,0,0.0,,,,,static_model_no_active_family,0.5706677584268911,0.9947363688217996,0.288088367519849,4.0,13.970810543337336,0.07157780838112496
static,5,79,1,factor_2,0,0.0,,,,,static_model_no_active_family,0.5706677584268911,0.9947363688217996,0.288088367519849,4.0,13.970810543337336,0.07157780838112496
static,5,79,2,factor_3,0,0.0,,,,,static_model_no_active_family,0.5706677584268911,0.9947363688217996,0.288088367519849,4.0,13.970810543337336,0.07157780838112496
static,5,79,3,factor_4,0,0.0,,,,,static_model_no_active_family,0.5706677584268911,0.9947363688217996,0.288088367519849,4.0,13.970810543337336,0.07157780838112496
static,5,79,4,factor_5,0,0.0,,,,,static_model_no_active_family,0.5706677584268911,0.9947363688217996,0.288088367519849,4.0,13.970810543337336,0.07157780838112496
static,5,97,0,factor_1,0,0.0,,,,,static_model_no_active_family,0.7271098290968444,0.9904640365279592,0.5139874169961497,4.0,8.065740818480233,0.12398117203429089
static,5,97,1,factor_2,0,0.0,,,,,static_model_no_active_family,0.7271098290968444,0.9904640365279592,0.5139874169961497,4.0,8.065740818480233,0.12398117203429089
static,5,97,2,factor_3,0,0.0,,,,,static_model_no_active_family,0.7271098290968444,0.9904640365279592,0.5139874169961497,4.0,8.065740818480233,0.12398117203429089
static,5,97,3,factor_4,0,0.0,,,,,static_model_no_active_family,0.7271098290968444,0.9904640365279592,0.5139874169961497,4.0,8.065740818480233,0.12398117203429089
static,5,97,4,factor_5,0,0.0,,,,,static_model_no_active_family,0.7271098290968444,0.9904640365279592,0.5139874169961497,4.0,8.065740818480233,0.12398117203429089
static,5,113,0,factor_1,0,0.0,,,,,static_model_no_active_family,0.7271143870494072,0.9738360777335137,0.354669936584018,4.0,14.176922497250107,0.07053717054557995
static,5,113,1,factor_2,0,0.0,,,,,static_model_no_active_family,0.7271143870494072,0.9738360777335137,0.354669936584018,4.0,14.176922497250107,0.07053717054557995
static,5,113,2,factor_3,0,0.0,,,,,static_model_no_active_family,0.7271143870494072,0.9738360777335137,0.354669936584018,4.0,14.176922497250107,0.07053717054557995
static,5,113,3,factor_4,0,0.0,,,,,static_model_no_active_family,0.7271143870494072,0.9738360777335137,0.354669936584018,4.0,14.176922497250107,0.07053717054557995
static,5,113,4,factor_5,0,0.0,,,,,static_model_no_active_family,0.7271143870494072,0.9738360777335137,0.354669936584018,4.0,14.176922497250107,0.07053717054557995
static,6,11,0,factor_1,0,0.0,,,,,static_model_no_active_family,0.7089884935890777,0.9984689941060226,0.41587228637736545,5.0,51.473952167169884,0.01942730173024873
static,6,11,1,factor_2,0,0.0,,,,,static_model_no_active_family,0.7089884935890777,0.9984689941060226,0.41587228637736545,5.0,51.473952167169884,0.01942730173024873
static,6,11,2,factor_3,0,0.0,,,,,static_model_no_active_family,0.7089884935890777,0.9984689941060226,0.41587228637736545,5.0,51.473952167169884,0.01942730173024873
static,6,11,3,factor_4,0,0.0,,,,,static_model_no_active_family,0.7089884935890777,0.9984689941060226,0.41587228637736545,5.0,51.473952167169884,0.01942730173024873
static,6,11,4,factor_5,0,0.0,,,,,static_model_no_active_family,0.7089884935890777,0.9984689941060226,0.41587228637736545,5.0,51.473952167169884,0.01942730173024873
static,6,11,5,factor_6,0,0.0,,,,,static_model_no_active_family,0.7089884935890777,0.9984689941060226,0.41587228637736545,5.0,51.473952167169884,0.01942730173024873
static,6,17,0,factor_1,0,0.0,,,,,static_model_no_active_family,0.759920775304739,0.9914431634594167,0.5802497314020457,5.0,13.372650835122242,0.07477948929718382
static,6,17,1,factor_2,0,0.0,,,,,static_model_no_active_family,0.759920775304739,0.9914431634594167,0.5802497314020457,5.0,13.372650835122242,0.07477948929718382
static,6,17,2,factor_3,0,0.0,,,,,static_model_no_active_family,0.759920775304739,0.9914431634594167,0.5802497314020457,5.0,13.372650835122242,0.07477948929718382
static,6,17,3,factor_4,0,0.0,,,,,static_model_no_active_family,0.759920775304739,0.9914431634594167,0.5802497314020457,5.0,13.372650835122242,0.07477948929718382
static,6,17,4,factor_5,0,0.0,,,,,static_model_no_active_family,0.759920775304739,0.9914431634594167,0.5802497314020457,5.0,13.372650835122242,0.07477948929718382
static,6,17,5,factor_6,0,0.0,,,,,static_model_no_active_family,0.759920775304739,0.9914431634594167,0.5802497314020457,5.0,13.372650835122242,0.07477948929718382
static,6,23,0,factor_1,0,0.0,,,,,static_model_no_active_family,0.6790535453025126,0.9925515690644056,0.22520121925593825,5.0,20.280915813990994,0.04930743804528492
static,6,23,1,factor_2,0,0.0,,,,,static_model_no_active_family,0.6790535453025126,0.9925515690644056,0.22520121925593825,5.0,20.280915813990994,0.04930743804528492
static,6,23,2,factor_3,0,0.0,,,,,static_model_no_active_family,0.6790535453025126,0.9925515690644056,0.22520121925593825,5.0,20.280915813990994,0.04930743804528492
static,6,23,3,factor_4,0,0.0,,,,,static_model_no_active_family,0.6790535453025126,0.9925515690644056,0.22520121925593825,5.0,20.280915813990994,0.04930743804528492
static,6,23,4,factor_5,0,0.0,,,,,static_model_no_active_family,0.6790535453025126,0.9925515690644056,0.22520121925593825,5.0,20.280915813990994,0.04930743804528492
static,6,23,5,factor_6,0,0.0,,,,,static_model_no_active_family,0.6790535453025126,0.9925515690644056,0.22520121925593825,5.0,20.280915813990994,0.04930743804528492
static,6,31,0,factor_1,0,0.0,,,,,static_model_no_active_family,0.6793004538494406,0.992131892686071,0.2645858555088953,5.0,27.909990347216514,0.03582946420114871
static,6,31,1,factor_2,0,0.0,,,,,static_model_no_active_family,0.6793004538494406,0.992131892686071,0.2645858555088953,5.0,27.909990347216514,0.03582946420114871
static,6,31,2,factor_3,0,0.0,,,,,static_model_no_active_family,0.6793004538494406,0.992131892686071,0.2645858555088953,5.0,27.909990347216514,0.03582946420114871
static,6,31,3,factor_4,0,0.0,,,,,static_model_no_active_family,0.6793004538494406,0.992131892686071,0.2645858555088953,5.0,27.909990347216514,0.03582946420114871
static,6,31,4,factor_5,0,0.0,,,,,static_model_no_active_family,0.6793004538494406,0.992131892686071,0.2645858555088953,5.0,27.909990347216514,0.03582946420114871
static,6,31,5,factor_6,0,0.0,,,,,static_model_no_active_family,0.6793004538494406,0.992131892686071,0.2645858555088953,5.0,27.909990347216514,0.03582946420114871
static,6,41,0,factor_1,0,0.0,,,,,static_model_no_active_family,0.5167114148572328,0.9968815708784124,0.08110955759594467,5.0,49.06140306031496,0.020382621319871817
static,6,41,1,factor_2,0,0.0,,,,,static_model_no_active_family,0.5167114148572328,0.9968815708784124,0.08110955759594467,5.0,49.06140306031496,0.020382621319871817
static,6,41,2,factor_3,0,0.0,,,,,static_model_no_active_family,0.5167114148572328,0.9968815708784124,0.08110955759594467,5.0,49.06140306031496,0.020382621319871817
static,6,41,3,factor_4,0,0.0,,,,,static_model_no_active_family,0.5167114148572328,0.9968815708784124,0.08110955759594467,5.0,49.06140306031496,0.020382621319871817
static,6,41,4,factor_5,0,0.0,,,,,static_model_no_active_family,0.5167114148572328,0.9968815708784124,0.08110955759594467,5.0,49.06140306031496,0.020382621319871817
static,6,41,5,factor_6,0,0.0,,,,,static_model_no_active_family,0.5167114148572328,0.9968815708784124,0.08110955759594467,5.0,49.06140306031496,0.020382621319871817
static,6,53,0,factor_1,0,0.0,,,,,static_model_no_active_family,0.6917982522769337,0.9968918207372442,0.3194663482766299,5.0,34.05249705913678,0.02936642203546378
static,6,53,1,factor_2,0,0.0,,,,,static_model_no_active_family,0.6917982522769337,0.9968918207372442,0.3194663482766299,5.0,34.05249705913678,0.02936642203546378
static,6,53,2,factor_3,0,0.0,,,,,static_model_no_active_family,0.6917982522769337,0.9968918207372442,0.3194663482766299,5.0,34.05249705913678,0.02936642203546378
static,6,53,3,factor_4,0,0.0,,,,,static_model_no_active_family,0.6917982522769337,0.9968918207372442,0.3194663482766299,5.0,34.05249705913678,0.02936642203546378
static,6,53,4,factor_5,0,0.0,,,,,static_model_no_active_family,0.6917982522769337,0.9968918207372442,0.3194663482766299,5.0,34.05249705913678,0.02936642203546378
static,6,53,5,factor_6,0,0.0,,,,,static_model_no_active_family,0.6917982522769337,0.9968918207372442,0.3194663482766299,5.0,34.05249705913678,0.02936642203546378
static,6,67,0,factor_1,0,0.0,,,,,static_model_no_active_family,0.6652305257365148,0.9925955280553018,0.43320208000986293,5.0,17.052751960476094,0.05864156133378023
static,6,67,1,factor_2,0,0.0,,,,,static_model_no_active_family,0.6652305257365148,0.9925955280553018,0.43320208000986293,5.0,17.052751960476094,0.05864156133378023
static,6,67,2,factor_3,0,0.0,,,,,static_model_no_active_family,0.6652305257365148,0.9925955280553018,0.43320208000986293,5.0,17.052751960476094,0.05864156133378023
static,6,67,3,factor_4,0,0.0,,,,,static_model_no_active_family,0.6652305257365148,0.9925955280553018,0.43320208000986293,5.0,17.052751960476094,0.05864156133378023
static,6,67,4,factor_5,0,0.0,,,,,static_model_no_active_family,0.6652305257365148,0.9925955280553018,0.43320208000986293,5.0,17.052751960476094,0.05864156133378023
static,6,67,5,factor_6,0,0.0,,,,,static_model_no_active_family,0.6652305257365148,0.9925955280553018,0.43320208000986293,5.0,17.052751960476094,0.05864156133378023
static,6,79,0,factor_1,0,0.0,,,,,static_model_no_active_family,0.6156487736348092,0.9941886477944778,0.35459273983106965,5.0,17.923830143018794,0.055791646764153977
static,6,79,1,factor_2,0,0.0,,,,,static_model_no_active_family,0.6156487736348092,0.9941886477944778,0.35459273983106965,5.0,17.923830143018794,0.055791646764153977
static,6,79,2,factor_3,0,0.0,,,,,static_model_no_active_family,0.6156487736348092,0.9941886477944778,0.35459273983106965,5.0,17.923830143018794,0.055791646764153977
static,6,79,3,factor_4,0,0.0,,,,,static_model_no_active_family,0.6156487736348092,0.9941886477944778,0.35459273983106965,5.0,17.923830143018794,0.055791646764153977
static,6,79,4,factor_5,0,0.0,,,,,static_model_no_active_family,0.6156487736348092,0.9941886477944778,0.35459273983106965,5.0,17.923830143018794,0.055791646764153977
static,6,79,5,factor_6,0,0.0,,,,,static_model_no_active_family,0.6156487736348092,0.9941886477944778,0.35459273983106965,5.0,17.923830143018794,0.055791646764153977
static,6,97,0,factor_1,0,0.0,,,,,static_model_no_active_family,0.4701283967379795,0.9937081370532207,0.15910959821619955,5.0,27.656578855738857,0.03615776214462968
static,6,97,1,factor_2,0,0.0,,,,,static_model_no_active_family,0.4701283967379795,0.9937081370532207,0.15910959821619955,5.0,27.656578855738857,0.03615776214462968
static,6,97,2,factor_3,0,0.0,,,,,static_model_no_active_family,0.4701283967379795,0.9937081370532207,0.15910959821619955,5.0,27.656578855738857,0.03615776214462968
static,6,97,3,factor_4,0,0.0,,,,,static_model_no_active_family,0.4701283967379795,0.9937081370532207,0.15910959821619955,5.0,27.656578855738857,0.03615776214462968
static,6,97,4,factor_5,0,0.0,,,,,static_model_no_active_family,0.4701283967379795,0.9937081370532207,0.15910959821619955,5.0,27.656578855738857,0.03615776214462968
static,6,97,5,factor_6,0,0.0,,,,,static_model_no_active_family,0.4701283967379795,0.9937081370532207,0.15910959821619955,5.0,27.656578855738857,0.03615776214462968
static,6,113,0,factor_1,0,0.0,,,,,static_model_no_active_family,0.6579470073871938,0.9958329713404717,0.39664963858091173,5.0,36.46293983604765,0.027425106272187885
static,6,113,1,factor_2,0,0.0,,,,,static_model_no_active_family,0.6579470073871938,0.9958329713404717,0.39664963858091173,5.0,36.46293983604765,0.027425106272187885
static,6,113,2,factor_3,0,0.0,,,,,static_model_no_active_family,0.6579470073871938,0.9958329713404717,0.39664963858091173,5.0,36.46293983604765,0.027425106272187885
static,6,113,3,factor_4,0,0.0,,,,,static_model_no_active_family,0.6579470073871938,0.9958329713404717,0.39664963858091173,5.0,36.46293983604765,0.027425106272187885
static,6,113,4,factor_5,0,0.0,,,,,static_model_no_active_family,0.6579470073871938,0.9958329713404717,0.39664963858091173,5.0,36.46293983604765,0.027425106272187885
static,6,113,5,factor_6,0,0.0,,,,,static_model_no_active_family,0.6579470073871938,0.9958329713404717,0.39664963858091173,5.0,36.46293983604765,0.027425106272187885
static,7,11,0,factor_1,0,0.0,,,,,static_model_no_active_family,0.6856071051737912,0.9843079907634078,0.38201911550487827,6.0,21.030482275755723,0.04755002699832595
static,7,11,1,factor_2,0,0.0,,,,,static_model_no_active_family,0.6856071051737912,0.9843079907634078,0.38201911550487827,6.0,21.030482275755723,0.04755002699832595
static,7,11,2,factor_3,0,0.0,,,,,static_model_no_active_family,0.6856071051737912,0.9843079907634078,0.38201911550487827,6.0,21.030482275755723,0.04755002699832595
static,7,11,3,factor_4,0,0.0,,,,,static_model_no_active_family,0.6856071051737912,0.9843079907634078,0.38201911550487827,6.0,21.030482275755723,0.04755002699832595
static,7,11,4,factor_5,0,0.0,,,,,static_model_no_active_family,0.6856071051737912,0.9843079907634078,0.38201911550487827,6.0,21.030482275755723,0.04755002699832595
static,7,11,5,factor_6,0,0.0,,,,,static_model_no_active_family,0.6856071051737912,0.9843079907634078,0.38201911550487827,6.0,21.030482275755723,0.04755002699832595
static,7,11,6,factor_7,0,0.0,,,,,static_model_no_active_family,0.6856071051737912,0.9843079907634078,0.38201911550487827,6.0,21.030482275755723,0.04755002699832595
static,7,17,0,factor_1,0,0.0,,,,,static_model_no_active_family,0.6726789503027428,0.9911071713300056,0.2358165190013477,6.0,14.997224241038795,0.06667900565649836
static,7,17,1,factor_2,0,0.0,,,,,static_model_no_active_family,0.6726789503027428,0.9911071713300056,0.2358165190013477,6.0,14.997224241038795,0.06667900565649836
static,7,17,2,factor_3,0,0.0,,,,,static_model_no_active_family,0.6726789503027428,0.9911071713300056,0.2358165190013477,6.0,14.997224241038795,0.06667900565649836
static,7,17,3,factor_4,0,0.0,,,,,static_model_no_active_family,0.6726789503027428,0.9911071713300056,0.2358165190013477,6.0,14.997224241038795,0.06667900565649836
static,7,17,4,factor_5,0,0.0,,,,,static_model_no_active_family,0.6726789503027428,0.9911071713300056,0.2358165190013477,6.0,14.997224241038795,0.06667900565649836
static,7,17,5,factor_6,0,0.0,,,,,static_model_no_active_family,0.6726789503027428,0.9911071713300056,0.2358165190013477,6.0,14.997224241038795,0.06667900565649836
static,7,17,6,factor_7,0,0.0,,,,,static_model_no_active_family,0.6726789503027428,0.9911071713300056,0.2358165190013477,6.0,14.997224241038795,0.06667900565649836
static,7,23,0,factor_1,0,0.0,,,,,static_model_no_active_family,0.49488483112369946,0.9940897426293048,0.1135798295627869,6.0,24.315246504864557,0.04112645947471427
static,7,23,1,factor_2,0,0.0,,,,,static_model_no_active_family,0.49488483112369946,0.9940897426293048,0.1135798295627869,6.0,24.315246504864557,0.04112645947471427
static,7,23,2,factor_3,0,0.0,,,,,static_model_no_active_family,0.49488483112369946,0.9940897426293048,0.1135798295627869,6.0,24.315246504864557,0.04112645947471427
static,7,23,3,factor_4,0,0.0,,,,,static_model_no_active_family,0.49488483112369946,0.9940897426293048,0.1135798295627869,6.0,24.315246504864557,0.04112645947471427
static,7,23,4,factor_5,0,0.0,,,,,static_model_no_active_family,0.49488483112369946,0.9940897426293048,0.1135798295627869,6.0,24.315246504864557,0.04112645947471427
static,7,23,5,factor_6,0,0.0,,,,,static_model_no_active_family,0.49488483112369946,0.9940897426293048,0.1135798295627869,6.0,24.315246504864557,0.04112645947471427
static,7,23,6,factor_7,0,0.0,,,,,static_model_no_active_family,0.49488483112369946,0.9940897426293048,0.1135798295627869,6.0,24.315246504864557,0.04112645947471427
static,7,31,0,factor_1,0,0.0,,,,,static_model_no_active_family,0.69818512467919,0.9920414871145807,0.37963992465880647,6.0,19.19658077246696,0.05209261023370724
static,7,31,1,factor_2,0,0.0,,,,,static_model_no_active_family,0.69818512467919,0.9920414871145807,0.37963992465880647,6.0,19.19658077246696,0.05209261023370724
static,7,31,2,factor_3,0,0.0,,,,,static_model_no_active_family,0.69818512467919,0.9920414871145807,0.37963992465880647,6.0,19.19658077246696,0.05209261023370724
static,7,31,3,factor_4,0,0.0,,,,,static_model_no_active_family,0.69818512467919,0.9920414871145807,0.37963992465880647,6.0,19.19658077246696,0.05209261023370724
static,7,31,4,factor_5,0,0.0,,,,,static_model_no_active_family,0.69818512467919,0.9920414871145807,0.37963992465880647,6.0,19.19658077246696,0.05209261023370724
static,7,31,5,factor_6,0,0.0,,,,,static_model_no_active_family,0.69818512467919,0.9920414871145807,0.37963992465880647,6.0,19.19658077246696,0.05209261023370724
static,7,31,6,factor_7,0,0.0,,,,,static_model_no_active_family,0.69818512467919,0.9920414871145807,0.37963992465880647,6.0,19.19658077246696,0.05209261023370724
static,7,41,0,factor_1,0,0.0,,,,,static_model_no_active_family,0.4585793579719904,0.9966858005158339,0.008207785914932306,6.0,71.53588341058737,0.013978998403645897
static,7,41,1,factor_2,0,0.0,,,,,static_model_no_active_family,0.4585793579719904,0.9966858005158339,0.008207785914932306,6.0,71.53588341058737,0.013978998403645897
static,7,41,2,factor_3,0,0.0,,,,,static_model_no_active_family,0.4585793579719904,0.9966858005158339,0.008207785914932306,6.0,71.53588341058737,0.013978998403645897
static,7,41,3,factor_4,0,0.0,,,,,static_model_no_active_family,0.4585793579719904,0.9966858005158339,0.008207785914932306,6.0,71.53588341058737,0.013978998403645897
static,7,41,4,factor_5,0,0.0,,,,,static_model_no_active_family,0.4585793579719904,0.9966858005158339,0.008207785914932306,6.0,71.53588341058737,0.013978998403645897
static,7,41,5,factor_6,0,0.0,,,,,static_model_no_active_family,0.4585793579719904,0.9966858005158339,0.008207785914932306,6.0,71.53588341058737,0.013978998403645897
static,7,41,6,factor_7,0,0.0,,,,,static_model_no_active_family,0.4585793579719904,0.9966858005158339,0.008207785914932306,6.0,71.53588341058737,0.013978998403645897
static,7,53,0,factor_1,0,0.0,,,,,static_model_no_active_family,0.7252542807277422,0.9906903188168535,0.35158748938333406,6.0,13.15514849840099,0.07601586558460743
static,7,53,1,factor_2,0,0.0,,,,,static_model_no_active_family,0.7252542807277422,0.9906903188168535,0.35158748938333406,6.0,13.15514849840099,0.07601586558460743
static,7,53,2,factor_3,0,0.0,,,,,static_model_no_active_family,0.7252542807277422,0.9906903188168535,0.35158748938333406,6.0,13.15514849840099,0.07601586558460743
static,7,53,3,factor_4,0,0.0,,,,,static_model_no_active_family,0.7252542807277422,0.9906903188168535,0.35158748938333406,6.0,13.15514849840099,0.07601586558460743
static,7,53,4,factor_5,0,0.0,,,,,static_model_no_active_family,0.7252542807277422,0.9906903188168535,0.35158748938333406,6.0,13.15514849840099,0.07601586558460743
static,7,53,5,factor_6,0,0.0,,,,,static_model_no_active_family,0.7252542807277422,0.9906903188168535,0.35158748938333406,6.0,13.15514849840099,0.07601586558460743
static,7,53,6,factor_7,0,0.0,,,,,static_model_no_active_family,0.7252542807277422,0.9906903188168535,0.35158748938333406,6.0,13.15514849840099,0.07601586558460743
static,7,67,0,factor_1,0,0.0,,,,,static_model_no_active_family,0.5053002817274282,0.9932203562372063,0.09403937444190165,6.0,30.373868612784044,0.03292303699434291
static,7,67,1,factor_2,0,0.0,,,,,static_model_no_active_family,0.5053002817274282,0.9932203562372063,0.09403937444190165,6.0,30.373868612784044,0.03292303699434291
static,7,67,2,factor_3,0,0.0,,,,,static_model_no_active_family,0.5053002817274282,0.9932203562372063,0.09403937444190165,6.0,30.373868612784044,0.03292303699434291
static,7,67,3,factor_4,0,0.0,,,,,static_model_no_active_family,0.5053002817274282,0.9932203562372063,0.09403937444190165,6.0,30.373868612784044,0.03292303699434291
static,7,67,4,factor_5,0,0.0,,,,,static_model_no_active_family,0.5053002817274282,0.9932203562372063,0.09403937444190165,6.0,30.373868612784044,0.03292303699434291
static,7,67,5,factor_6,0,0.0,,,,,static_model_no_active_family,0.5053002817274282,0.9932203562372063,0.09403937444190165,6.0,30.373868612784044,0.03292303699434291
static,7,67,6,factor_7,0,0.0,,,,,static_model_no_active_family,0.5053002817274282,0.9932203562372063,0.09403937444190165,6.0,30.373868612784044,0.03292303699434291
static,7,79,0,factor_1,0,0.0,,,,,static_model_no_active_family,0.6589161122843427,0.9937803633177986,0.24418422190865705,6.0,16.089284035063372,0.06215316963891621
static,7,79,1,factor_2,0,0.0,,,,,static_model_no_active_family,0.6589161122843427,0.9937803633177986,0.24418422190865705,6.0,16.089284035063372,0.06215316963891621
static,7,79,2,factor_3,0,0.0,,,,,static_model_no_active_family,0.6589161122843427,0.9937803633177986,0.24418422190865705,6.0,16.089284035063372,0.06215316963891621
static,7,79,3,factor_4,0,0.0,,,,,static_model_no_active_family,0.6589161122843427,0.9937803633177986,0.24418422190865705,6.0,16.089284035063372,0.06215316963891621
static,7,79,4,factor_5,0,0.0,,,,,static_model_no_active_family,0.6589161122843427,0.9937803633177986,0.24418422190865705,6.0,16.089284035063372,0.06215316963891621
static,7,79,5,factor_6,0,0.0,,,,,static_model_no_active_family,0.6589161122843427,0.9937803633177986,0.24418422190865705,6.0,16.089284035063372,0.06215316963891621
static,7,79,6,factor_7,0,0.0,,,,,static_model_no_active_family,0.6589161122843427,0.9937803633177986,0.24418422190865705,6.0,16.089284035063372,0.06215316963891621
static,7,97,0,factor_1,0,0.0,,,,,static_model_no_active_family,0.6517961282782527,0.9890864989954449,0.29503098571395997,6.0,22.649780869978123,0.04415053751471309
static,7,97,1,factor_2,0,0.0,,,,,static_model_no_active_family,0.6517961282782527,0.9890864989954449,0.29503098571395997,6.0,22.649780869978123,0.04415053751471309
static,7,97,2,factor_3,0,0.0,,,,,static_model_no_active_family,0.6517961282782527,0.9890864989954449,0.29503098571395997,6.0,22.649780869978123,0.04415053751471309
static,7,97,3,factor_4,0,0.0,,,,,static_model_no_active_family,0.6517961282782527,0.9890864989954449,0.29503098571395997,6.0,22.649780869978123,0.04415053751471309
static,7,97,4,factor_5,0,0.0,,,,,static_model_no_active_family,0.6517961282782527,0.9890864989954449,0.29503098571395997,6.0,22.649780869978123,0.04415053751471309
static,7,97,5,factor_6,0,0.0,,,,,static_model_no_active_family,0.6517961282782527,0.9890864989954449,0.29503098571395997,6.0,22.649780869978123,0.04415053751471309
static,7,97,6,factor_7,0,0.0,,,,,static_model_no_active_family,0.6517961282782527,0.9890864989954449,0.29503098571395997,6.0,22.649780869978123,0.04415053751471309
static,7,113,0,factor_1,0,0.0,,,,,static_model_no_active_family,0.6250239153665047,0.9911114012926665,0.26313580878106485,6.0,35.39751054032481,0.02825057425608507
static,7,113,1,factor_2,0,0.0,,,,,static_model_no_active_family,0.6250239153665047,0.9911114012926665,0.26313580878106485,6.0,35.39751054032481,0.02825057425608507
static,7,113,2,factor_3,0,0.0,,,,,static_model_no_active_family,0.6250239153665047,0.9911114012926665,0.26313580878106485,6.0,35.39751054032481,0.02825057425608507
static,7,113,3,factor_4,0,0.0,,,,,static_model_no_active_family,0.6250239153665047,0.9911114012926665,0.26313580878106485,6.0,35.39751054032481,0.02825057425608507
static,7,113,4,factor_5,0,0.0,,,,,static_model_no_active_family,0.6250239153665047,0.9911114012926665,0.26313580878106485,6.0,35.39751054032481,0.02825057425608507
static,7,113,5,factor_6,0,0.0,,,,,static_model_no_active_family,0.6250239153665047,0.9911114012926665,0.26313580878106485,6.0,35.39751054032481,0.02825057425608507
static,7,113,6,factor_7,0,0.0,,,,,static_model_no_active_family,0.6250239153665047,0.9911114012926665,0.26313580878106485,6.0,35.39751054032481,0.02825057425608507
static,8,11,0,factor_1,0,0.0,,,,,static_model_no_active_family,0.5850406188411295,0.9982760361617028,0.2640859914356579,7.0,148.18983668227935,0.006748101100509416
static,8,11,1,factor_2,0,0.0,,,,,static_model_no_active_family,0.5850406188411295,0.9982760361617028,0.2640859914356579,7.0,148.18983668227935,0.006748101100509416
static,8,11,2,factor_3,0,0.0,,,,,static_model_no_active_family,0.5850406188411295,0.9982760361617028,0.2640859914356579,7.0,148.18983668227935,0.006748101100509416
static,8,11,3,factor_4,0,0.0,,,,,static_model_no_active_family,0.5850406188411295,0.9982760361617028,0.2640859914356579,7.0,148.18983668227935,0.006748101100509416
static,8,11,4,factor_5,0,0.0,,,,,static_model_no_active_family,0.5850406188411295,0.9982760361617028,0.2640859914356579,7.0,148.18983668227935,0.006748101100509416
static,8,11,5,factor_6,0,0.0,,,,,static_model_no_active_family,0.5850406188411295,0.9982760361617028,0.2640859914356579,7.0,148.18983668227935,0.006748101100509416
static,8,11,6,factor_7,0,0.0,,,,,static_model_no_active_family,0.5850406188411295,0.9982760361617028,0.2640859914356579,7.0,148.18983668227935,0.006748101100509416
static,8,11,7,factor_8,0,0.0,,,,,static_model_no_active_family,0.5850406188411295,0.9982760361617028,0.2640859914356579,7.0,148.18983668227935,0.006748101100509416
static,8,17,0,factor_1,0,0.0,,,,,static_model_no_active_family,0.6171508571752772,0.992382758739703,0.19421083326904212,7.0,33.84506502744578,0.029546405042775836
static,8,17,1,factor_2,0,0.0,,,,,static_model_no_active_family,0.6171508571752772,0.992382758739703,0.19421083326904212,7.0,33.84506502744578,0.029546405042775836
static,8,17,2,factor_3,0,0.0,,,,,static_model_no_active_family,0.6171508571752772,0.992382758739703,0.19421083326904212,7.0,33.84506502744578,0.029546405042775836
static,8,17,3,factor_4,0,0.0,,,,,static_model_no_active_family,0.6171508571752772,0.992382758739703,0.19421083326904212,7.0,33.84506502744578,0.029546405042775836
static,8,17,4,factor_5,0,0.0,,,,,static_model_no_active_family,0.6171508571752772,0.992382758739703,0.19421083326904212,7.0,33.84506502744578,0.029546405042775836
static,8,17,5,factor_6,0,0.0,,,,,static_model_no_active_family,0.6171508571752772,0.992382758739703,0.19421083326904212,7.0,33.84506502744578,0.029546405042775836
static,8,17,6,factor_7,0,0.0,,,,,static_model_no_active_family,0.6171508571752772,0.992382758739703,0.19421083326904212,7.0,33.84506502744578,0.029546405042775836
static,8,17,7,factor_8,0,0.0,,,,,static_model_no_active_family,0.6171508571752772,0.992382758739703,0.19421083326904212,7.0,33.84506502744578,0.029546405042775836
static,8,23,0,factor_1,0,0.0,,,,,static_model_no_active_family,0.6292340614278176,0.9904426793189801,0.2973522992737258,7.0,38.693422913145056,0.025844185515577035
static,8,23,1,factor_2,0,0.0,,,,,static_model_no_active_family,0.6292340614278176,0.9904426793189801,0.2973522992737258,7.0,38.693422913145056,0.025844185515577035
static,8,23,2,factor_3,0,0.0,,,,,static_model_no_active_family,0.6292340614278176,0.9904426793189801,0.2973522992737258,7.0,38.693422913145056,0.025844185515577035
static,8,23,3,factor_4,0,0.0,,,,,static_model_no_active_family,0.6292340614278176,0.9904426793189801,0.2973522992737258,7.0,38.693422913145056,0.025844185515577035
static,8,23,4,factor_5,0,0.0,,,,,static_model_no_active_family,0.6292340614278176,0.9904426793189801,0.2973522992737258,7.0,38.693422913145056,0.025844185515577035
static,8,23,5,factor_6,0,0.0,,,,,static_model_no_active_family,0.6292340614278176,0.9904426793189801,0.2973522992737258,7.0,38.693422913145056,0.025844185515577035
static,8,23,6,factor_7,0,0.0,,,,,static_model_no_active_family,0.6292340614278176,0.9904426793189801,0.2973522992737258,7.0,38.693422913145056,0.025844185515577035
static,8,23,7,factor_8,0,0.0,,,,,static_model_no_active_family,0.6292340614278176,0.9904426793189801,0.2973522992737258,7.0,38.693422913145056,0.025844185515577035
static,8,31,0,factor_1,0,0.0,,,,,static_model_no_active_family,0.7008893692055933,0.982249008319511,0.32730265396703584,7.0,19.294603865000393,0.051827962211442875
static,8,31,1,factor_2,0,0.0,,,,,static_model_no_active_family,0.7008893692055933,0.982249008319511,0.32730265396703584,7.0,19.294603865000393,0.051827962211442875
static,8,31,2,factor_3,0,0.0,,,,,static_model_no_active_family,0.7008893692055933,0.982249008319511,0.32730265396703584,7.0,19.294603865000393,0.051827962211442875
static,8,31,3,factor_4,0,0.0,,,,,static_model_no_active_family,0.7008893692055933,0.982249008319511,0.32730265396703584,7.0,19.294603865000393,0.051827962211442875
static,8,31,4,factor_5,0,0.0,,,,,static_model_no_active_family,0.7008893692055933,0.982249008319511,0.32730265396703584,7.0,19.294603865000393,0.051827962211442875
static,8,31,5,factor_6,0,0.0,,,,,static_model_no_active_family,0.7008893692055933,0.982249008319511,0.32730265396703584,7.0,19.294603865000393,0.051827962211442875
static,8,31,6,factor_7,0,0.0,,,,,static_model_no_active_family,0.7008893692055933,0.982249008319511,0.32730265396703584,7.0,19.294603865000393,0.051827962211442875
static,8,31,7,factor_8,0,0.0,,,,,static_model_no_active_family,0.7008893692055933,0.982249008319511,0.32730265396703584,7.0,19.294603865000393,0.051827962211442875
static,8,41,0,factor_1,0,0.0,,,,,static_model_no_active_family,0.4815687404867308,0.9975439421362288,0.019661467336084835,7.0,93.32200198318247,0.010715586664977565
static,8,41,1,factor_2,0,0.0,,,,,static_model_no_active_family,0.4815687404867308,0.9975439421362288,0.019661467336084835,7.0,93.32200198318247,0.010715586664977565
static,8,41,2,factor_3,0,0.0,,,,,static_model_no_active_family,0.4815687404867308,0.9975439421362288,0.019661467336084835,7.0,93.32200198318247,0.010715586664977565
static,8,41,3,factor_4,0,0.0,,,,,static_model_no_active_family,0.4815687404867308,0.9975439421362288,0.019661467336084835,7.0,93.32200198318247,0.010715586664977565
static,8,41,4,factor_5,0,0.0,,,,,static_model_no_active_family,0.4815687404867308,0.9975439421362288,0.019661467336084835,7.0,93.32200198318247,0.010715586664977565
static,8,41,5,factor_6,0,0.0,,,,,static_model_no_active_family,0.4815687404867308,0.9975439421362288,0.019661467336084835,7.0,93.32200198318247,0.010715586664977565
static,8,41,6,factor_7,0,0.0,,,,,static_model_no_active_family,0.4815687404867308,0.9975439421362288,0.019661467336084835,7.0,93.32200198318247,0.010715586664977565
static,8,41,7,factor_8,0,0.0,,,,,static_model_no_active_family,0.4815687404867308,0.9975439421362288,0.019661467336084835,7.0,93.32200198318247,0.010715586664977565
static,8,53,0,factor_1,0,0.0,,,,,static_model_no_active_family,0.729108659332467,0.9943821401943088,0.326078914359036,7.0,39.072583648449715,0.025593393285618497
static,8,53,1,factor_2,0,0.0,,,,,static_model_no_active_family,0.729108659332467,0.9943821401943088,0.326078914359036,7.0,39.072583648449715,0.025593393285618497
static,8,53,2,factor_3,0,0.0,,,,,static_model_no_active_family,0.729108659332467,0.9943821401943088,0.326078914359036,7.0,39.072583648449715,0.025593393285618497
static,8,53,3,factor_4,0,0.0,,,,,static_model_no_active_family,0.729108659332467,0.9943821401943088,0.326078914359036,7.0,39.072583648449715,0.025593393285618497
static,8,53,4,factor_5,0,0.0,,,,,static_model_no_active_family,0.729108659332467,0.9943821401943088,0.326078914359036,7.0,39.072583648449715,0.025593393285618497
static,8,53,5,factor_6,0,0.0,,,,,static_model_no_active_family,0.729108659332467,0.9943821401943088,0.326078914359036,7.0,39.072583648449715,0.025593393285618497
static,8,53,6,factor_7,0,0.0,,,,,static_model_no_active_family,0.729108659332467,0.9943821401943088,0.326078914359036,7.0,39.072583648449715,0.025593393285618497
static,8,53,7,factor_8,0,0.0,,,,,static_model_no_active_family,0.729108659332467,0.9943821401943088,0.326078914359036,7.0,39.072583648449715,0.025593393285618497
static,8,67,0,factor_1,0,0.0,,,,,static_model_no_active_family,0.5571558049635923,0.9885349445379652,0.032699410620691635,7.0,51.51535951997419,0.019411686326526893
static,8,67,1,factor_2,0,0.0,,,,,static_model_no_active_family,0.5571558049635923,0.9885349445379652,0.032699410620691635,7.0,51.51535951997419,0.019411686326526893
static,8,67,2,factor_3,0,0.0,,,,,static_model_no_active_family,0.5571558049635923,0.9885349445379652,0.032699410620691635,7.0,51.51535951997419,0.019411686326526893
static,8,67,3,factor_4,0,0.0,,,,,static_model_no_active_family,0.5571558049635923,0.9885349445379652,0.032699410620691635,7.0,51.51535951997419,0.019411686326526893
static,8,67,4,factor_5,0,0.0,,,,,static_model_no_active_family,0.5571558049635923,0.9885349445379652,0.032699410620691635,7.0,51.51535951997419,0.019411686326526893
static,8,67,5,factor_6,0,0.0,,,,,static_model_no_active_family,0.5571558049635923,0.9885349445379652,0.032699410620691635,7.0,51.51535951997419,0.019411686326526893
static,8,67,6,factor_7,0,0.0,,,,,static_model_no_active_family,0.5571558049635923,0.9885349445379652,0.032699410620691635,7.0,51.51535951997419,0.019411686326526893
static,8,67,7,factor_8,0,0.0,,,,,static_model_no_active_family,0.5571558049635923,0.9885349445379652,0.032699410620691635,7.0,51.51535951997419,0.019411686326526893
static,8,79,0,factor_1,0,0.0,,,,,static_model_no_active_family,0.6888770196482558,0.9876235444157305,0.3073410939067873,7.0,29.69849973276152,0.03367173456566437
static,8,79,1,factor_2,0,0.0,,,,,static_model_no_active_family,0.6888770196482558,0.9876235444157305,0.3073410939067873,7.0,29.69849973276152,0.03367173456566437
static,8,79,2,factor_3,0,0.0,,,,,static_model_no_active_family,0.6888770196482558,0.9876235444157305,0.3073410939067873,7.0,29.69849973276152,0.03367173456566437
static,8,79,3,factor_4,0,0.0,,,,,static_model_no_active_family,0.6888770196482558,0.9876235444157305,0.3073410939067873,7.0,29.69849973276152,0.03367173456566437
static,8,79,4,factor_5,0,0.0,,,,,static_model_no_active_family,0.6888770196482558,0.9876235444157305,0.3073410939067873,7.0,29.69849973276152,0.03367173456566437
static,8,79,5,factor_6,0,0.0,,,,,static_model_no_active_family,0.6888770196482558,0.9876235444157305,0.3073410939067873,7.0,29.69849973276152,0.03367173456566437
static,8,79,6,factor_7,0,0.0,,,,,static_model_no_active_family,0.6888770196482558,0.9876235444157305,0.3073410939067873,7.0,29.69849973276152,0.03367173456566437
static,8,79,7,factor_8,0,0.0,,,,,static_model_no_active_family,0.6888770196482558,0.9876235444157305,0.3073410939067873,7.0,29.69849973276152,0.03367173456566437
static,8,97,0,factor_1,0,0.0,,,,,static_model_no_active_family,0.5433881384158782,0.9919043956079988,0.1518153328123017,7.0,30.561326422857388,0.032721092866312286
static,8,97,1,factor_2,0,0.0,,,,,static_model_no_active_family,0.5433881384158782,0.9919043956079988,0.1518153328123017,7.0,30.561326422857388,0.032721092866312286
static,8,97,2,factor_3,0,0.0,,,,,static_model_no_active_family,0.5433881384158782,0.9919043956079988,0.1518153328123017,7.0,30.561326422857388,0.032721092866312286
static,8,97,3,factor_4,0,0.0,,,,,static_model_no_active_family,0.5433881384158782,0.9919043956079988,0.1518153328123017,7.0,30.561326422857388,0.032721092866312286
static,8,97,4,factor_5,0,0.0,,,,,static_model_no_active_family,0.5433881384158782,0.9919043956079988,0.1518153328123017,7.0,30.561326422857388,0.032721092866312286
static,8,97,5,factor_6,0,0.0,,,,,static_model_no_active_family,0.5433881384158782,0.9919043956079988,0.1518153328123017,7.0,30.561326422857388,0.032721092866312286
static,8,97,6,factor_7,0,0.0,,,,,static_model_no_active_family,0.5433881384158782,0.9919043956079988,0.1518153328123017,7.0,30.561326422857388,0.032721092866312286
static,8,97,7,factor_8,0,0.0,,,,,static_model_no_active_family,0.5433881384158782,0.9919043956079988,0.1518153328123017,7.0,30.561326422857388,0.032721092866312286
static,8,113,0,factor_1,0,0.0,,,,,static_model_no_active_family,0.6051962410216399,0.9942637777840975,0.19854082025875017,7.0,48.41065688001991,0.020656608780962874
static,8,113,1,factor_2,0,0.0,,,,,static_model_no_active_family,0.6051962410216399,0.9942637777840975,0.19854082025875017,7.0,48.41065688001991,0.020656608780962874
static,8,113,2,factor_3,0,0.0,,,,,static_model_no_active_family,0.6051962410216399,0.9942637777840975,0.19854082025875017,7.0,48.41065688001991,0.020656608780962874
static,8,113,3,factor_4,0,0.0,,,,,static_model_no_active_family,0.6051962410216399,0.9942637777840975,0.19854082025875017,7.0,48.41065688001991,0.020656608780962874
static,8,113,4,factor_5,0,0.0,,,,,static_model_no_active_family,0.6051962410216399,0.9942637777840975,0.19854082025875017,7.0,48.41065688001991,0.020656608780962874
static,8,113,5,factor_6,0,0.0,,,,,static_model_no_active_family,0.6051962410216399,0.9942637777840975,0.19854082025875017,7.0,48.41065688001991,0.020656608780962874
static,8,113,6,factor_7,0,0.0,,,,,static_model_no_active_family,0.6051962410216399,0.9942637777840975,0.19854082025875017,7.0,48.41065688001991,0.020656608780962874
static,8,113,7,factor_8,0,0.0,,,,,static_model_no_active_family,0.6051962410216399,0.9942637777840975,0.19854082025875017,7.0,48.41065688001991,0.020656608780962874
